,"04/23/20","04/24/20","04/25/20","04/26/20","04/27/20","04/28/20","04/29/20","04/30/20","05/01/20"
"15001",33,34,34,35,35,35,35,37,36
"15003",10,10,10,10,10,10,10,10,10
"15004",NA,NA,NA,NA,NA,NA,NA,NA,NA
"15005",8,8,8,8,8,8,8,9,9
"15006",NA,NA,NA,0,NA,NA,0,0,0
"15007",0,0,0,0,0,0,0,0,0
"15009",186,202,223,228,248,248,252,258,276
"15010",23,23,23,23,24,24,24,25,26
"15012",5,5,5,5,5,5,5,5,5
"15014",NA,NA,NA,5,5,5,5,5,5
"15015",NA,NA,NA,NA,NA,NA,NA,NA,NA
"15017",6,6,6,6,6,6,6,6,6
"15018",0,0,0,0,0,0,0,0,0
"15019",NA,NA,NA,NA,NA,NA,NA,NA,NA
"15020",NA,NA,NA,0,NA,NA,NA,NA,NA
"15021",0,0,0,0,0,0,0,0,0
"15022",13,15,15,15,19,20,20,20,20
"15024",7,7,7,7,7,7,7,7,7
"15025",18,19,20,20,21,21,21,22,22
"15026",NA,NA,NA,NA,NA,NA,NA,NA,NA
"15027",NA,NA,NA,NA,NA,NA,NA,NA,NA
"15028",NA,NA,NA,0,NA,NA,NA,NA,NA
"15030",0,0,0,0,0,0,0,0,0
"15031",0,0,0,0,0,0,0,0,0
"15032",0,0,0,0,0,0,0,0,0
"15033",NA,NA,NA,NA,NA,NA,NA,NA,NA
"15034",0,0,0,0,0,0,0,0,0
"15035",NA,NA,NA,NA,NA,NA,NA,NA,NA
"15037",NA,NA,NA,NA,NA,NA,NA,NA,NA
"15038",NA,NA,NA,0,NA,NA,0,0,0
"15042",NA,NA,5,5,5,5,5,5,5
"15043",0,0,0,0,0,0,0,0,0
"15044",75,75,79,79,84,83,87,89,91
"15045",NA,NA,NA,NA,NA,NA,NA,NA,NA
"15046",NA,NA,NA,NA,NA,NA,NA,NA,NA
"15047",NA,NA,NA,0,NA,NA,0,0,0
"15049",0,0,0,0,0,0,0,0,0
"15050",NA,NA,NA,5,5,5,5,5,5
"15051",0,0,0,0,0,0,0,0,0
"15052",NA,NA,NA,NA,NA,NA,NA,NA,NA
"15053",0,0,0,0,0,0,0,0,0
"15054",0,0,0,0,0,0,0,0,0
"15055",0,0,0,0,0,0,0,0,0
"15056",0,0,0,0,0,0,0,0,0
"15057",NA,NA,NA,NA,NA,NA,NA,NA,NA
"15059",NA,NA,NA,NA,NA,NA,NA,NA,NA
"15060",0,0,0,0,0,0,0,0,0
"15061",12,12,12,12,12,12,12,12,13
"15062",6,6,6,6,6,6,6,6,6
"15063",6,7,8,8,8,8,8,8,8
"15064",0,0,0,0,0,0,0,0,0
"15065",15,15,15,15,15,15,16,16,16
"15066",5,5,5,5,5,5,5,5,5
"15067",0,0,0,0,0,0,0,0,0
"15068",37,38,39,39,39,41,41,41,44
"15071",5,5,5,5,5,5,5,5,6
"15072",NA,NA,NA,0,NA,NA,NA,NA,NA
"15074",11,11,11,11,11,11,11,12,14
"15075",NA,NA,NA,0,NA,NA,0,0,0
"15076",0,0,0,0,0,0,0,0,0
"15077",0,0,0,0,0,0,0,0,0
"15078",0,0,0,0,0,0,0,0,0
"15081",NA,NA,NA,0,NA,NA,NA,NA,NA
"15082",0,0,0,0,0,0,0,0,0
"15083",NA,NA,NA,NA,NA,NA,NA,NA,NA
"15084",5,5,5,5,5,5,5,5,5
"15085",NA,NA,NA,NA,NA,NA,NA,NA,NA
"15086",0,0,0,0,0,0,0,0,0
"15087",NA,NA,NA,0,NA,NA,NA,NA,NA
"15088",NA,NA,NA,0,NA,NA,0,0,0
"15089",NA,NA,NA,NA,NA,NA,NA,NA,NA
"15090",33,33,33,33,33,33,33,33,34
"15101",23,23,23,23,23,23,23,23,23
"15102",16,16,16,16,16,16,17,18,18
"15104",6,6,6,6,6,6,6,6,6
"15106",13,13,13,12,12,12,12,12,13
"15108",60,67,67,67,69,69,69,69,70
"15110",7,7,7,7,7,7,7,7,8
"15112",NA,NA,NA,NA,NA,NA,NA,NA,NA
"15116",8,8,8,8,8,8,8,8,8
"15120",21,22,22,22,22,22,22,22,23
"15122",19,20,21,22,21,21,21,21,21
"15126",6,6,7,7,7,7,7,7,7
"15129",6,6,6,6,6,6,6,6,6
"15131",NA,NA,NA,NA,NA,NA,NA,NA,NA
"15132",34,34,34,35,35,35,36,36,38
"15133",NA,NA,NA,NA,NA,NA,NA,NA,NA
"15135",NA,NA,NA,NA,NA,NA,NA,NA,NA
"15136",19,20,20,21,20,20,20,21,21
"15137",11,11,13,13,13,13,13,13,13
"15139",NA,NA,NA,NA,NA,NA,NA,NA,NA
"15140",NA,NA,NA,NA,NA,NA,NA,NA,NA
"15142",NA,NA,NA,NA,NA,NA,NA,NA,NA
"15143",11,11,11,11,11,11,11,11,11
"15144",NA,NA,NA,NA,NA,NA,NA,NA,NA
"15145",NA,NA,5,6,6,6,6,6,6
"15146",21,21,22,22,22,22,24,24,29
"15147",14,14,14,14,14,14,15,15,15
"15148",NA,NA,NA,NA,NA,NA,NA,NA,NA
"15201",14,15,16,16,16,16,17,17,17
"15202",9,10,10,10,10,10,10,10,10
"15203",10,10,10,10,10,10,10,10,10
"15204",NA,NA,NA,NA,NA,NA,NA,NA,NA
"15205",16,16,17,19,20,20,20,20,20
"15206",31,31,31,31,31,32,32,33,33
"15207",60,63,62,63,65,69,70,70,72
"15208",7,7,7,7,7,7,7,7,8
"15209",6,6,6,6,6,6,6,6,7
"15210",23,23,24,24,25,27,28,30,30
"15211",12,12,12,12,12,12,12,12,12
"15212",31,31,31,31,31,31,31,32,32
"15213",19,19,19,19,19,19,19,19,20
"15214",15,17,17,17,17,18,19,19,19
"15215",8,8,8,8,8,8,9,9,9
"15216",11,12,12,12,12,12,12,12,12
"15217",41,41,42,42,42,42,42,43,43
"15218",11,12,12,12,12,12,12,12,12
"15219",13,13,14,14,15,15,30,30,33
"15220",11,11,11,11,11,11,11,11,11
"15221",40,40,42,42,42,44,45,46,46
"15222",6,6,6,7,7,7,7,7,7
"15223",NA,NA,NA,NA,NA,NA,NA,NA,NA
"15224",6,6,6,6,6,6,6,6,6
"15225",NA,NA,NA,NA,NA,NA,NA,NA,NA
"15226",5,6,6,6,6,6,7,7,7
"15227",17,17,17,17,17,17,19,20,21
"15228",11,11,11,11,11,11,11,11,11
"15229",8,8,8,8,8,8,8,8,8
"15231",0,0,0,0,0,0,0,0,0
"15232",8,8,8,9,9,9,9,9,10
"15233",6,6,6,6,6,6,6,6,6
"15234",5,5,5,5,5,5,5,5,5
"15235",27,27,27,27,27,27,28,28,28
"15236",20,20,20,20,21,20,20,20,20
"15237",36,37,38,38,38,38,38,39,39
"15238",10,10,10,10,10,10,10,10,10
"15239",7,7,8,8,8,8,9,9,9
"15241",19,19,19,19,19,19,19,19,19
"15243",14,14,14,14,16,15,14,14,14
"15260",0,0,0,0,0,0,0,0,0
"15261",0,0,0,0,0,0,0,0,0
"15275",0,0,0,0,0,0,0,0,0
"15290",NA,NA,NA,0,NA,NA,NA,NA,NA
"15301",12,12,13,14,15,15,16,16,16
"15310",0,0,0,0,0,0,0,0,0
"15311",0,0,0,0,0,0,0,0,0
"15312",NA,NA,NA,NA,NA,NA,NA,NA,NA
"15313",0,0,0,0,0,0,0,0,0
"15314",NA,NA,NA,NA,NA,NA,NA,NA,NA
"15315",NA,NA,NA,0,NA,NA,0,0,0
"15316",NA,NA,NA,0,NA,NA,0,0,0
"15317",22,22,22,22,22,22,23,24,24
"15320",7,7,7,7,7,7,7,7,7
"15321",NA,NA,NA,NA,NA,NA,NA,NA,NA
"15322",0,0,0,0,0,0,0,0,0
"15323",NA,NA,NA,NA,NA,NA,NA,NA,NA
"15324",NA,NA,NA,NA,NA,NA,NA,NA,NA
"15325",NA,NA,NA,0,NA,NA,0,0,0
"15327",NA,NA,NA,NA,NA,NA,NA,NA,NA
"15329",0,0,0,0,0,0,0,0,0
"15330",NA,NA,NA,NA,NA,NA,NA,NA,NA
"15331",0,0,0,0,0,0,0,0,0
"15332",5,5,5,5,5,6,6,6,6
"15333",0,0,0,0,0,0,0,0,0
"15334",0,0,0,0,0,0,0,0,0
"15337",NA,NA,NA,NA,NA,NA,NA,NA,NA
"15338",NA,NA,NA,NA,NA,NA,NA,NA,NA
"15340",0,0,0,0,0,0,0,0,0
"15341",0,0,0,0,0,0,0,0,0
"15342",6,6,6,6,6,6,6,6,6
"15344",NA,NA,NA,NA,NA,NA,NA,NA,NA
"15345",NA,NA,NA,NA,NA,NA,NA,NA,NA
"15346",NA,NA,NA,NA,NA,NA,NA,NA,NA
"15347",0,0,0,0,0,0,0,0,0
"15348",NA,NA,NA,0,NA,NA,0,0,0
"15349",0,0,0,0,0,0,0,0,0
"15350",NA,NA,NA,0,NA,NA,NA,NA,NA
"15351",NA,NA,NA,NA,NA,NA,NA,NA,NA
"15352",0,0,0,0,0,0,0,0,0
"15353",0,0,0,0,0,0,0,0,0
"15357",NA,NA,NA,NA,NA,NA,NA,NA,NA
"15358",NA,NA,NA,NA,NA,NA,0,0,0
"15359",0,0,0,0,0,0,0,0,0
"15360",0,0,0,0,0,0,0,0,0
"15361",0,0,0,0,0,0,0,0,0
"15362",0,0,0,0,0,0,0,0,0
"15363",0,0,0,0,0,0,0,0,0
"15364",0,0,0,0,0,0,0,0,0
"15367",6,6,6,6,6,6,7,7,7
"15370",6,6,6,6,6,7,7,7,7
"15376",0,0,0,0,0,0,0,0,0
"15377",0,0,0,0,0,0,0,0,0
"15378",NA,NA,NA,NA,NA,NA,0,0,0
"15379",NA,NA,NA,NA,NA,NA,0,0,0
"15380",0,0,0,0,0,0,0,0,0
"15401",26,26,26,26,26,26,27,27,27
"15410",NA,NA,NA,NA,NA,NA,NA,NA,NA
"15411",0,0,0,0,0,0,0,0,0
"15412",0,0,0,0,0,0,0,0,0
"15413",0,0,0,0,0,0,0,0,0
"15417",NA,NA,NA,NA,NA,NA,NA,NA,NA
"15419",NA,NA,NA,NA,NA,NA,NA,NA,NA
"15420",NA,NA,NA,NA,NA,NA,0,0,0
"15421",NA,NA,NA,NA,NA,NA,NA,NA,NA
"15422",NA,NA,NA,NA,NA,NA,NA,NA,NA
"15423",NA,NA,NA,NA,NA,NA,NA,NA,NA
"15424",0,0,0,0,0,0,0,0,0
"15425",8,8,9,9,9,9,9,9,9
"15427",0,0,0,0,0,0,0,0,0
"15428",0,0,0,0,0,0,0,0,0
"15429",0,0,0,0,0,0,0,0,0
"15430",NA,NA,NA,NA,NA,NA,0,0,0
"15431",NA,NA,NA,NA,NA,NA,NA,NA,NA
"15432",0,0,0,0,0,0,0,0,0
"15433",0,0,0,0,0,0,0,0,0
"15434",0,0,0,0,0,0,0,0,0
"15435",NA,NA,NA,NA,NA,NA,0,0,0
"15436",0,0,0,0,0,0,0,0,0
"15437",NA,NA,5,5,5,5,5,5,5
"15438",0,0,0,0,0,0,0,0,0
"15440",0,0,0,0,0,0,0,0,0
"15442",0,0,0,0,0,0,0,0,0
"15443",NA,NA,NA,NA,NA,NA,0,0,0
"15444",0,0,0,0,0,0,0,0,0
"15445",6,6,6,6,6,6,6,6,6
"15446",0,0,0,0,0,0,0,0,0
"15447",NA,NA,NA,NA,NA,NA,0,0,0
"15448",NA,NA,NA,NA,NA,NA,0,0,0
"15449",NA,NA,NA,NA,NA,NA,0,0,0
"15450",NA,NA,NA,NA,NA,NA,NA,NA,NA
"15451",0,0,0,0,0,0,0,0,0
"15455",NA,NA,NA,NA,NA,NA,0,0,0
"15456",NA,NA,NA,NA,NA,NA,NA,NA,NA
"15458",NA,NA,NA,NA,NA,NA,NA,NA,NA
"15459",0,0,0,0,0,0,0,0,0
"15460",NA,NA,NA,NA,NA,NA,0,0,0
"15461",NA,NA,NA,NA,NA,NA,NA,NA,NA
"15462",0,0,0,0,0,0,0,0,0
"15463",0,0,0,0,0,0,0,0,0
"15464",0,0,0,0,0,0,0,0,0
"15466",NA,NA,NA,NA,NA,NA,0,0,0
"15467",NA,NA,NA,NA,NA,NA,0,0,0
"15468",0,0,0,0,0,0,0,0,0
"15469",NA,NA,NA,NA,NA,NA,NA,NA,NA
"15470",0,0,0,0,0,0,0,0,0
"15472",NA,NA,NA,NA,NA,NA,0,0,0
"15473",NA,NA,NA,NA,NA,NA,NA,NA,NA
"15474",0,0,0,0,0,0,0,0,0
"15475",0,0,0,0,0,0,0,0,0
"15476",NA,NA,NA,NA,NA,NA,0,0,0
"15477",NA,NA,NA,NA,NA,NA,NA,NA,NA
"15478",NA,NA,NA,NA,NA,NA,NA,NA,5
"15479",NA,NA,NA,NA,NA,NA,NA,NA,NA
"15480",0,0,0,0,0,0,0,0,0
"15482",0,0,0,0,0,0,0,0,0
"15483",NA,NA,NA,NA,NA,NA,NA,NA,NA
"15484",0,0,0,0,0,0,0,0,0
"15486",0,NA,NA,NA,NA,NA,NA,NA,NA
"15488",0,0,0,0,0,0,0,0,0
"15489",NA,NA,NA,NA,NA,NA,0,0,0
"15490",0,0,0,0,0,0,0,0,0
"15501",NA,NA,NA,NA,NA,NA,NA,NA,NA
"15502",NA,NA,NA,NA,NA,NA,0,0,0
"15510",NA,NA,NA,NA,NA,NA,0,0,0
"15520",NA,NA,NA,NA,NA,NA,0,0,0
"15521",NA,NA,NA,NA,NA,NA,NA,NA,NA
"15522",NA,NA,NA,NA,NA,NA,NA,NA,NA
"15530",0,0,0,0,0,0,0,0,0
"15531",0,0,0,0,0,0,0,0,0
"15532",NA,NA,NA,NA,NA,NA,0,0,0
"15533",0,0,0,0,0,0,0,0,0
"15534",0,0,0,0,0,0,0,0,0
"15535",0,0,0,0,0,0,0,0,0
"15536",0,0,0,0,0,0,0,0,0
"15537",NA,NA,NA,NA,NA,NA,NA,NA,NA
"15538",0,0,0,0,0,0,0,0,0
"15539",0,0,0,0,0,0,0,0,0
"15540",0,0,0,0,0,0,0,0,0
"15541",NA,NA,NA,NA,NA,NA,NA,NA,NA
"15542",0,0,0,0,0,0,0,0,0
"15544",NA,NA,NA,NA,NA,NA,0,0,0
"15545",0,0,0,0,0,0,NA,NA,NA
"15546",0,0,0,0,0,0,0,0,0
"15547",NA,NA,NA,NA,NA,NA,NA,NA,NA
"15550",0,0,0,0,0,0,0,0,0
"15551",0,0,0,0,0,0,0,0,0
"15552",NA,NA,NA,NA,NA,NA,NA,NA,NA
"15554",NA,NA,NA,NA,NA,NA,NA,NA,NA
"15555",0,0,0,0,0,0,0,0,0
"15557",NA,NA,NA,NA,NA,NA,NA,NA,NA
"15558",0,0,0,0,0,0,0,0,0
"15559",NA,NA,NA,NA,NA,NA,NA,NA,NA
"15560",NA,NA,NA,NA,NA,NA,0,0,0
"15561",NA,NA,NA,NA,NA,NA,0,0,0
"15562",0,0,0,0,0,0,0,0,0
"15563",0,NA,NA,NA,NA,NA,NA,NA,NA
"15564",0,0,0,0,0,0,0,0,0
"15601",41,44,47,49,49,52,51,51,52
"15610",5,6,6,6,6,6,6,6,6
"15611",0,0,0,0,0,0,0,0,0
"15612",0,0,0,0,0,0,0,0,0
"15613",6,8,9,10,10,10,11,11,11
"15615",0,0,0,0,0,0,0,0,0
"15616",0,0,0,0,0,0,0,0,0
"15617",0,0,0,0,0,0,0,0,0
"15618",NA,NA,NA,NA,NA,NA,NA,NA,NA
"15620",0,0,0,0,0,0,0,0,0
"15622",NA,NA,NA,NA,NA,NA,NA,NA,NA
"15623",0,0,0,0,0,0,0,0,0
"15625",NA,NA,NA,NA,NA,NA,0,0,0
"15626",NA,NA,NA,NA,NA,NA,NA,NA,NA
"15627",7,7,11,13,13,13,13,14,14
"15628",NA,NA,NA,NA,NA,NA,NA,NA,NA
"15629",NA,NA,NA,NA,NA,NA,0,0,0
"15631",NA,NA,NA,NA,NA,NA,NA,NA,NA
"15632",NA,NA,NA,NA,NA,NA,NA,NA,NA
"15633",NA,NA,NA,NA,NA,NA,0,0,0
"15634",0,0,0,0,0,0,0,0,0
"15635",NA,NA,NA,NA,NA,NA,0,0,0
"15636",NA,NA,NA,NA,NA,NA,NA,NA,NA
"15637",NA,NA,NA,NA,NA,NA,NA,NA,NA
"15638",NA,NA,NA,NA,NA,NA,0,0,0
"15639",0,0,0,0,0,0,0,0,0
"15640",NA,NA,NA,NA,NA,NA,0,0,0
"15641",NA,NA,NA,NA,NA,NA,NA,NA,NA
"15642",19,20,20,23,23,24,26,27,27
"15644",10,10,11,11,11,11,11,13,13
"15646",0,0,0,0,0,0,0,0,0
"15647",0,0,0,0,0,0,0,0,0
"15650",68,70,74,75,78,78,78,80,81
"15655",0,0,0,0,0,0,0,0,0
"15656",12,13,40,44,44,44,44,45,45
"15658",19,21,21,21,21,21,21,21,21
"15660",NA,NA,NA,NA,NA,NA,0,0,0
"15661",0,0,0,0,0,0,0,0,0
"15662",NA,NA,NA,NA,NA,NA,0,0,0
"15663",NA,NA,NA,NA,NA,NA,NA,NA,NA
"15665",NA,NA,NA,NA,NA,NA,NA,NA,NA
"15666",14,15,15,15,15,15,15,15,15
"15668",7,7,7,8,8,8,9,9,9
"15670",NA,NA,NA,NA,NA,NA,NA,NA,NA
"15671",0,0,0,0,0,0,0,0,0
"15672",0,0,0,0,0,0,0,0,0
"15673",0,0,0,0,0,0,0,0,0
"15675",0,0,0,0,0,0,0,0,0
"15676",NA,NA,NA,NA,NA,NA,NA,0,0
"15677",0,0,0,0,0,0,0,0,0
"15678",NA,NA,NA,NA,NA,NA,NA,NA,NA
"15679",NA,NA,NA,NA,NA,NA,NA,NA,NA
"15681",NA,NA,NA,NA,NA,NA,NA,NA,NA
"15683",NA,NA,NA,NA,NA,NA,NA,NA,NA
"15684",0,0,0,0,0,0,0,0,0
"15685",0,0,0,0,0,0,0,0,0
"15686",0,0,0,0,0,0,0,0,0
"15687",NA,NA,NA,NA,NA,NA,NA,NA,NA
"15688",0,0,0,0,0,0,0,0,0
"15689",NA,NA,NA,NA,NA,NA,NA,0,0
"15690",5,5,5,5,5,5,5,5,6
"15692",NA,NA,NA,NA,NA,NA,NA,NA,NA
"15697",NA,NA,NA,NA,NA,NA,NA,NA,NA
"15698",0,0,0,0,0,0,0,0,0
"15701",18,19,19,19,19,19,19,19,19
"15705",0,0,0,0,0,0,0,0,0
"15711",0,0,0,0,0,0,0,0,0
"15713",NA,NA,NA,NA,NA,NA,NA,NA,NA
"15714",0,0,0,0,0,0,0,0,0
"15716",0,0,0,0,0,0,0,0,0
"15717",17,17,18,18,18,18,18,18,18
"15720",0,0,0,0,0,0,0,0,0
"15721",0,0,0,0,0,0,0,0,0
"15722",0,0,0,0,0,0,0,0,0
"15724",NA,NA,NA,NA,NA,NA,NA,NA,NA
"15725",NA,NA,NA,NA,NA,NA,NA,NA,NA
"15728",0,0,0,0,0,0,0,0,0
"15729",0,0,0,0,0,0,0,0,0
"15730",0,0,0,0,0,0,0,0,0
"15732",0,0,0,0,0,0,0,0,0
"15739",0,0,0,0,0,0,0,0,0
"15742",NA,NA,NA,NA,NA,NA,NA,NA,NA
"15744",0,0,0,0,0,0,0,0,0
"15747",0,0,0,0,0,0,0,0,0
"15748",NA,NA,NA,NA,NA,NA,NA,NA,NA
"15750",NA,NA,NA,NA,NA,NA,NA,NA,NA
"15753",0,0,0,0,0,0,0,0,0
"15757",0,0,0,0,0,0,0,0,0
"15758",0,0,0,0,0,0,0,0,0
"15759",NA,NA,NA,NA,NA,NA,NA,NA,NA
"15760",0,0,0,0,0,0,0,0,0
"15762",0,0,0,0,0,0,0,0,0
"15763",0,0,0,0,0,0,0,0,0
"15764",0,0,0,0,0,0,0,0,0
"15765",NA,NA,NA,NA,NA,NA,NA,NA,NA
"15767",0,0,0,0,0,0,0,0,0
"15770",0,0,0,0,0,0,0,0,0
"15771",NA,NA,NA,NA,NA,NA,NA,NA,NA
"15772",NA,NA,NA,NA,NA,NA,NA,NA,NA
"15773",0,0,0,0,0,0,0,0,0
"15774",6,7,7,7,7,7,7,7,7
"15775",0,0,0,0,0,0,0,0,0
"15776",0,0,0,0,0,0,0,0,0
"15777",0,0,0,0,0,0,0,0,0
"15778",0,0,0,0,0,0,0,0,0
"15780",0,0,0,0,0,0,0,0,0
"15784",0,0,0,0,0,0,0,0,0
"15801",NA,NA,NA,NA,NA,NA,NA,NA,NA
"15821",0,0,0,0,0,0,0,0,0
"15823",0,0,0,0,0,0,0,0,0
"15824",0,0,0,0,0,0,0,0,0
"15825",NA,NA,NA,NA,NA,NA,NA,NA,NA
"15827",0,0,0,0,0,0,0,0,0
"15828",NA,NA,NA,NA,NA,NA,NA,NA,NA
"15829",0,0,0,0,0,0,0,0,0
"15832",0,0,0,0,0,0,0,0,0
"15834",NA,NA,NA,NA,NA,NA,NA,NA,NA
"15840",0,0,0,0,0,0,0,0,0
"15845",0,0,0,0,0,0,0,0,0
"15846",0,0,0,NA,NA,NA,NA,NA,NA
"15848",0,0,0,0,0,0,0,0,0
"15849",0,0,0,0,0,0,0,0,0
"15851",NA,NA,NA,NA,NA,NA,NA,NA,NA
"15853",NA,NA,NA,NA,NA,NA,NA,NA,NA
"15856",NA,NA,NA,NA,NA,NA,NA,NA,NA
"15857",NA,NA,NA,NA,NA,NA,NA,NA,NA
"15860",0,0,0,0,0,0,0,0,0
"15861",0,0,0,0,0,0,0,0,0
"15864",NA,NA,NA,NA,NA,NA,NA,NA,NA
"15865",0,0,0,0,0,0,0,0,0
"15866",0,0,0,0,0,0,0,0,0
"15868",0,0,0,0,0,0,0,0,0
"15870",0,0,0,0,0,0,0,0,0
"15901",0,0,0,0,0,0,0,0,0
"15902",NA,NA,NA,NA,NA,NA,NA,NA,NA
"15904",0,0,0,0,0,0,0,NA,NA
"15905",NA,NA,NA,NA,NA,NA,NA,NA,NA
"15906",0,0,0,0,0,0,0,NA,NA
"15909",NA,NA,NA,NA,NA,NA,NA,NA,NA
"15920",NA,NA,NA,NA,NA,NA,NA,NA,NA
"15923",NA,NA,NA,NA,NA,NA,NA,NA,NA
"15924",NA,NA,NA,NA,NA,NA,NA,NA,NA
"15926",NA,NA,NA,NA,NA,NA,NA,NA,NA
"15927",0,0,0,0,0,0,0,0,0
"15928",0,0,0,0,0,0,0,0,0
"15931",NA,NA,NA,NA,NA,NA,NA,NA,NA
"15934",NA,NA,NA,NA,NA,NA,NA,NA,NA
"15935",0,0,0,0,0,0,0,0,0
"15936",0,0,0,0,0,0,0,0,0
"15938",0,0,0,0,0,0,0,0,0
"15940",0,0,0,0,0,0,0,0,0
"15942",NA,NA,NA,NA,NA,NA,NA,NA,NA
"15943",NA,NA,NA,NA,NA,NA,NA,NA,NA
"15944",NA,NA,NA,NA,NA,NA,NA,NA,NA
"15945",0,0,0,0,0,0,0,0,0
"15946",NA,NA,NA,NA,NA,NA,NA,NA,NA
"15949",0,0,0,0,0,0,0,0,0
"15951",0,0,0,0,0,0,0,0,0
"15952",0,0,0,0,0,0,0,0,0
"15953",0,0,0,0,0,0,0,0,0
"15954",0,0,0,0,0,0,0,0,0
"15955",0,0,0,0,0,0,0,0,0
"15956",0,0,0,0,0,0,0,0,0
"15957",0,0,0,0,0,0,0,0,0
"15958",NA,NA,NA,NA,NA,NA,NA,NA,NA
"15960",0,0,0,0,0,0,0,0,0
"15961",0,0,0,0,0,0,0,0,0
"15963",0,0,0,0,0,0,0,0,0
"16001",44,47,47,47,47,48,48,49,49
"16002",9,10,10,10,10,10,10,10,10
"16020",0,0,0,0,0,0,0,0,0
"16022",0,0,0,0,0,0,0,0,0
"16023",NA,NA,NA,NA,NA,NA,NA,NA,NA
"16025",NA,NA,NA,NA,NA,NA,NA,NA,NA
"16027",NA,NA,NA,NA,NA,NA,NA,NA,NA
"16028",0,0,0,0,0,0,0,0,0
"16030",0,0,0,0,0,0,0,0,0
"16033",7,7,7,7,7,7,7,7,7
"16034",0,0,0,0,0,0,0,0,0
"16036",0,0,0,0,0,0,0,0,0
"16037",NA,NA,NA,NA,NA,NA,NA,NA,NA
"16038",0,0,0,0,0,NA,NA,NA,NA
"16040",0,0,0,0,0,0,0,0,0
"16041",NA,NA,NA,NA,NA,NA,NA,NA,NA
"16045",NA,NA,NA,NA,NA,NA,NA,NA,NA
"16046",9,9,9,9,9,9,9,10,11
"16049",NA,NA,NA,NA,NA,7,7,7,8
"16050",0,0,0,0,0,0,0,0,0
"16051",0,0,0,0,NA,NA,NA,NA,NA
"16052",0,0,0,0,0,0,0,0,0
"16053",NA,NA,NA,NA,NA,NA,NA,NA,NA
"16055",12,12,12,13,13,13,13,13,13
"16056",5,5,5,5,5,5,5,5,5
"16057",6,6,6,6,6,6,6,6,6
"16059",7,7,7,7,7,7,7,7,7
"16061",NA,NA,NA,NA,NA,NA,NA,NA,NA
"16063",9,9,9,10,10,10,10,10,10
"16066",24,24,24,24,24,24,24,24,24
"16101",18,18,18,18,19,19,20,20,20
"16102",NA,NA,NA,NA,NA,NA,NA,NA,NA
"16105",11,11,11,11,11,11,11,11,11
"16110",0,0,0,0,0,0,0,0,0
"16111",0,0,0,0,0,0,0,0,0
"16112",NA,NA,NA,NA,NA,NA,NA,NA,NA
"16114",0,0,0,0,0,0,0,0,0
"16115",0,0,0,0,0,0,0,0,0
"16116",NA,NA,NA,NA,NA,NA,NA,NA,NA
"16117",16,16,16,16,16,16,16,17,17
"16120",0,0,0,0,0,0,0,0,0
"16121",6,8,8,8,8,8,8,8,8
"16123",0,0,0,0,0,0,0,0,0
"16124",NA,NA,NA,NA,NA,NA,NA,NA,NA
"16125",NA,NA,NA,NA,NA,NA,NA,NA,NA
"16127",9,9,9,9,9,9,9,9,9
"16130",0,0,0,0,0,0,0,0,0
"16131",NA,NA,NA,NA,NA,NA,NA,NA,NA
"16133",NA,NA,NA,NA,NA,NA,NA,NA,NA
"16134",0,0,0,0,0,0,0,0,0
"16136",0,0,0,0,0,0,0,0,0
"16137",NA,NA,NA,NA,NA,NA,NA,NA,NA
"16141",0,0,0,0,0,0,0,0,0
"16142",NA,NA,NA,NA,NA,NA,NA,NA,NA
"16143",NA,NA,NA,NA,NA,NA,NA,NA,NA
"16145",0,0,0,0,0,0,0,0,0
"16146",14,15,15,15,15,15,15,15,15
"16148",8,8,8,9,9,9,9,9,9
"16150",NA,5,5,5,5,5,5,5,5
"16153",0,0,0,0,0,0,0,0,0
"16154",0,0,0,0,0,0,0,0,0
"16156",NA,NA,NA,NA,NA,NA,NA,NA,NA
"16157",NA,NA,NA,NA,NA,NA,NA,NA,NA
"16159",NA,NA,NA,NA,NA,NA,NA,NA,NA
"16172",0,0,0,0,0,0,0,0,0
"16201",5,5,5,5,5,6,6,6,6
"16210",NA,NA,NA,NA,NA,NA,NA,NA,NA
"16212",0,0,0,0,0,0,0,NA,NA
"16213",0,0,0,0,0,0,0,0,0
"16214",NA,NA,NA,NA,NA,NA,NA,NA,NA
"16217",0,0,0,0,0,0,0,0,0
"16218",NA,NA,NA,NA,NA,NA,NA,NA,NA
"16222",0,0,NA,NA,NA,NA,NA,NA,NA
"16224",0,0,0,0,0,0,0,0,0
"16225",0,0,0,0,0,0,0,0,0
"16226",NA,NA,NA,NA,NA,NA,NA,NA,NA
"16228",NA,NA,NA,NA,NA,NA,NA,NA,NA
"16229",5,5,5,5,5,5,5,5,5
"16232",NA,NA,NA,NA,NA,NA,NA,NA,NA
"16233",NA,NA,NA,NA,NA,NA,NA,NA,NA
"16234",0,0,0,0,0,0,0,0,0
"16235",0,0,0,0,0,0,0,0,0
"16238",0,0,0,0,0,0,0,0,0
"16239",NA,NA,NA,NA,NA,NA,NA,NA,NA
"16240",NA,NA,NA,NA,NA,NA,NA,NA,NA
"16242",NA,NA,NA,NA,NA,NA,NA,NA,NA
"16248",NA,NA,NA,NA,NA,NA,NA,NA,NA
"16249",NA,NA,NA,NA,NA,NA,NA,NA,NA
"16253",0,0,0,0,0,0,0,0,0
"16254",NA,NA,NA,NA,NA,NA,NA,NA,NA
"16255",NA,NA,NA,NA,NA,NA,NA,NA,NA
"16256",0,0,0,0,0,0,0,0,0
"16258",0,NA,NA,NA,NA,NA,NA,NA,NA
"16259",0,0,0,0,0,0,0,0,0
"16260",0,0,0,0,0,0,0,0,0
"16262",NA,NA,NA,NA,NA,NA,NA,NA,NA
"16263",0,0,0,0,0,0,0,0,0
"16301",0,0,0,0,0,0,0,0,0
"16311",0,0,0,0,0,0,0,0,0
"16313",0,0,0,0,0,0,0,0,0
"16314",NA,NA,NA,NA,NA,NA,NA,NA,NA
"16316",0,0,0,0,0,0,0,0,0
"16317",NA,NA,NA,NA,NA,NA,NA,NA,NA
"16319",0,0,0,0,0,0,0,0,0
"16321",0,0,0,0,0,0,0,0,0
"16323",NA,NA,NA,NA,NA,NA,NA,NA,NA
"16326",NA,NA,NA,NA,NA,NA,NA,NA,NA
"16327",NA,NA,NA,NA,NA,NA,NA,NA,NA
"16329",0,0,0,0,0,0,0,0,0
"16331",0,0,0,0,0,0,0,0,0
"16332",0,0,0,0,0,0,0,0,0
"16333",0,0,0,0,0,0,0,0,0
"16334",NA,NA,NA,NA,NA,NA,NA,NA,NA
"16335",NA,NA,NA,NA,NA,NA,NA,NA,NA
"16340",0,0,0,0,0,0,0,0,0
"16341",0,0,0,0,0,0,0,0,0
"16342",0,0,0,0,0,0,0,0,0
"16345",0,0,0,0,0,0,0,0,0
"16346",NA,NA,NA,NA,NA,NA,NA,NA,NA
"16347",0,0,0,0,0,0,0,0,0
"16350",0,0,0,0,0,0,0,0,0
"16351",0,0,0,0,0,0,0,0,0
"16353",NA,NA,NA,NA,NA,NA,NA,NA,NA
"16354",NA,NA,NA,NA,NA,NA,NA,NA,NA
"16360",0,0,0,0,0,0,0,0,0
"16362",0,0,0,0,0,0,0,0,0
"16364",0,0,0,0,0,0,0,0,0
"16365",NA,NA,NA,NA,NA,NA,NA,NA,NA
"16371",0,0,0,0,0,0,0,0,0
"16372",0,0,0,0,0,0,0,0,0
"16373",NA,NA,NA,NA,NA,NA,NA,NA,NA
"16374",0,0,0,0,0,0,0,0,0
"16401",0,0,0,0,0,0,0,0,0
"16402",0,0,0,0,0,0,0,0,0
"16403",0,0,0,0,0,0,0,0,0
"16404",0,0,0,0,0,0,0,0,0
"16405",0,0,0,0,0,0,0,0,0
"16406",NA,NA,NA,NA,NA,NA,NA,NA,NA
"16407",0,0,0,0,0,0,0,0,0
"16410",0,0,0,0,0,0,0,0,0
"16411",0,0,0,0,0,0,0,0,0
"16412",NA,NA,NA,NA,NA,NA,NA,NA,NA
"16415",NA,NA,NA,NA,NA,NA,NA,NA,NA
"16417",NA,NA,NA,NA,NA,NA,NA,NA,NA
"16420",0,0,0,0,0,0,0,0,0
"16421",0,0,0,0,0,0,0,0,0
"16423",0,0,0,0,0,0,0,0,0
"16424",NA,NA,NA,NA,NA,NA,NA,NA,NA
"16426",0,0,0,0,0,0,0,0,0
"16428",NA,NA,NA,NA,NA,NA,NA,NA,NA
"16430",0,0,0,0,0,0,0,0,0
"16433",0,0,0,0,0,0,0,0,0
"16434",NA,NA,NA,NA,NA,NA,NA,NA,NA
"16435",0,0,0,0,0,0,0,0,0
"16436",0,0,0,0,0,0,0,0,0
"16438",0,0,NA,0,0,0,0,0,0
"16440",NA,NA,NA,NA,NA,NA,NA,NA,NA
"16441",NA,NA,NA,NA,NA,NA,NA,NA,NA
"16442",0,0,0,0,0,0,0,0,0
"16443",0,0,0,0,0,0,0,0,0
"16444",0,0,0,0,0,0,0,0,0
"16501",NA,NA,NA,NA,NA,NA,NA,NA,NA
"16502",NA,NA,NA,NA,NA,NA,NA,NA,NA
"16503",8,8,9,9,11,11,11,11,11
"16504",5,6,6,7,8,8,8,8,8
"16505",NA,NA,NA,NA,NA,NA,NA,NA,NA
"16506",8,8,8,8,8,8,8,8,8
"16507",NA,NA,NA,NA,NA,NA,NA,NA,NA
"16508",6,6,7,6,6,7,7,7,7
"16509",8,7,7,7,7,8,8,8,8
"16510",NA,NA,NA,NA,5,6,7,7,7
"16511",5,5,6,6,6,6,6,6,6
"16565",0,0,0,0,0,0,0,0,0
"16601",NA,5,6,6,6,6,6,6,6
"16602",7,8,8,8,8,8,8,8,8
"16611",NA,NA,NA,NA,NA,NA,NA,NA,NA
"16613",0,0,0,0,0,0,0,0,0
"16616",0,0,0,0,0,0,NA,NA,NA
"16617",NA,NA,NA,NA,NA,NA,NA,NA,NA
"16620",0,0,0,0,0,0,0,0,0
"16621",0,0,0,0,0,0,0,0,0
"16622",0,0,0,0,0,0,0,0,0
"16623",0,0,0,0,0,0,0,0,0
"16625",0,0,0,0,0,0,0,0,0
"16627",NA,NA,NA,NA,NA,NA,NA,NA,NA
"16630",0,0,0,0,0,NA,NA,NA,NA
"16634",0,0,0,0,0,0,0,0,0
"16635",0,0,NA,NA,NA,NA,NA,NA,NA
"16636",NA,NA,NA,NA,NA,NA,NA,NA,NA
"16637",0,0,0,0,0,0,NA,NA,NA
"16639",0,0,0,0,0,0,0,0,0
"16640",NA,NA,NA,NA,NA,NA,NA,NA,NA
"16641",0,0,0,0,0,0,0,0,0
"16645",0,0,0,0,0,0,0,0,0
"16646",NA,NA,NA,NA,NA,NA,NA,NA,NA
"16647",0,0,0,0,0,0,0,0,0
"16648",0,0,0,0,0,0,NA,NA,NA
"16650",0,0,0,0,0,0,0,0,0
"16651",0,0,0,0,0,0,NA,NA,NA
"16652",6,8,10,10,10,11,11,13,14
"16655",NA,NA,NA,NA,NA,NA,NA,NA,NA
"16656",0,0,0,0,0,0,0,0,0
"16657",NA,NA,NA,NA,NA,NA,NA,NA,NA
"16659",0,0,0,0,0,0,0,0,0
"16661",0,0,0,0,0,0,0,0,0
"16662",0,0,0,0,0,0,0,0,0
"16664",0,0,0,0,0,0,0,0,0
"16666",0,0,0,0,0,0,NA,NA,NA
"16667",NA,NA,NA,NA,NA,5,5,5,5
"16668",0,0,0,0,0,0,NA,NA,NA
"16669",NA,NA,NA,NA,NA,NA,NA,NA,NA
"16670",0,0,0,0,0,0,0,0,0
"16671",0,0,0,0,0,0,0,0,0
"16673",0,0,0,0,0,0,0,0,0
"16674",0,0,0,0,0,0,0,0,0
"16678",0,0,0,0,0,0,NA,NA,NA
"16679",0,0,0,0,0,0,0,0,0
"16680",0,0,0,0,0,0,0,0,0
"16682",0,0,0,0,0,0,0,0,0
"16683",0,0,0,0,0,0,0,0,0
"16685",0,0,0,0,0,0,0,0,0
"16686",NA,NA,NA,NA,NA,NA,NA,NA,NA
"16689",0,0,0,0,0,0,0,0,0
"16691",0,0,0,0,0,0,0,0,0
"16692",0,0,0,0,0,0,0,0,0
"16693",NA,NA,NA,NA,NA,NA,NA,NA,NA
"16695",0,0,0,0,0,0,0,0,0
"16701",0,0,0,0,0,0,0,0,0
"16720",0,0,0,0,0,0,0,0,0
"16724",0,0,0,0,0,0,0,0,0
"16726",0,0,0,0,0,0,0,0,0
"16727",0,0,0,0,0,0,0,0,0
"16729",0,0,0,0,0,0,0,0,0
"16731",0,0,0,0,0,0,0,0,0
"16732",0,0,0,0,0,0,0,0,0
"16734",0,0,0,0,0,0,0,0,0
"16735",5,5,5,5,5,5,6,6,6
"16738",0,0,0,0,0,0,0,0,0
"16740",0,0,0,0,0,0,0,0,0
"16743",0,0,0,0,0,0,0,0,0
"16744",0,0,0,0,0,0,0,0,0
"16745",0,0,0,0,0,0,0,0,0
"16746",NA,NA,NA,NA,NA,NA,NA,NA,NA
"16748",0,0,0,0,0,0,0,0,0
"16749",0,0,0,0,0,0,0,0,0
"16750",0,0,0,0,0,0,0,0,0
"16801",26,26,26,26,26,26,26,26,26
"16802",0,0,0,0,0,0,0,0,0
"16803",8,8,8,8,8,8,8,8,8
"16820",NA,0,0,0,0,0,0,0,0
"16821",0,0,0,0,0,0,0,0,0
"16822",NA,NA,NA,NA,NA,NA,NA,NA,NA
"16823",15,17,18,18,20,25,27,28,28
"16827",8,8,9,9,9,9,9,9,9
"16828",NA,NA,NA,NA,NA,NA,NA,NA,NA
"16829",0,0,0,0,0,0,0,0,0
"16830",5,5,5,5,5,5,5,5,5
"16832",0,0,0,0,0,0,0,0,0
"16833",0,0,0,0,0,0,0,0,0
"16836",0,0,0,0,0,0,0,0,0
"16837",0,0,0,0,0,0,0,0,0
"16838",0,0,0,0,0,0,0,0,0
"16839",0,0,0,0,0,0,0,0,0
"16840",0,0,0,0,0,0,0,0,0
"16841",0,0,0,0,NA,NA,NA,NA,NA
"16844",NA,NA,NA,NA,NA,NA,NA,NA,NA
"16845",0,0,0,0,0,0,0,0,0
"16850",0,0,0,0,0,0,0,0,0
"16852",NA,NA,NA,NA,NA,NA,NA,NA,NA
"16854",0,0,0,0,0,0,0,0,0
"16858",0,0,0,0,0,0,0,0,0
"16859",0,0,0,0,0,0,0,0,0
"16860",0,0,0,0,0,0,0,0,0
"16861",0,0,0,0,0,0,0,0,0
"16863",0,0,0,0,0,0,0,0,0
"16864",0,0,0,0,0,0,0,0,0
"16865",0,0,0,0,0,0,0,0,0
"16866",NA,NA,NA,NA,NA,NA,NA,NA,NA
"16870",7,7,7,7,7,7,7,7,7
"16871",0,0,0,0,0,0,0,0,0
"16872",0,0,0,0,0,0,0,0,0
"16874",0,0,0,0,0,0,0,0,0
"16875",0,0,0,0,0,0,0,0,0
"16876",0,0,0,0,0,0,0,0,0
"16877",0,0,0,0,0,0,0,0,0
"16878",0,0,0,0,0,0,0,0,0
"16879",0,0,0,0,0,0,0,0,0
"16881",0,0,0,0,0,0,0,0,0
"16882",0,0,0,0,0,0,0,0,0
"16901",0,0,0,0,0,0,0,NA,NA
"16912",0,0,0,0,0,0,0,0,0
"16914",NA,NA,NA,NA,NA,NA,NA,NA,NA
"16915",NA,NA,NA,NA,NA,NA,NA,NA,NA
"16917",NA,NA,NA,NA,NA,NA,NA,NA,NA
"16920",NA,NA,NA,NA,NA,NA,NA,NA,NA
"16921",0,0,0,0,0,0,0,0,0
"16922",0,0,0,0,0,0,0,0,0
"16923",0,0,0,0,0,0,0,0,0
"16925",NA,NA,NA,NA,NA,NA,NA,NA,NA
"16926",0,0,0,0,0,0,0,0,0
"16927",0,0,0,0,0,0,0,0,0
"16928",0,0,0,0,0,0,0,0,0
"16929",NA,NA,NA,NA,NA,NA,NA,NA,NA
"16930",NA,NA,NA,NA,NA,NA,NA,NA,NA
"16932",0,0,0,0,0,0,0,0,0
"16933",NA,NA,NA,NA,NA,NA,NA,NA,NA
"16935",0,0,0,0,0,0,0,0,0
"16936",NA,NA,NA,NA,NA,NA,NA,NA,NA
"16937",0,0,0,0,0,0,0,0,0
"16938",0,0,0,0,0,0,0,0,0
"16939",0,0,0,0,0,0,0,0,0
"16940",0,0,0,0,0,0,0,0,0
"16941",0,0,0,0,0,0,0,0,0
"16942",0,0,0,0,0,0,0,0,0
"16943",0,0,0,0,0,0,0,0,0
"16946",NA,NA,NA,NA,NA,NA,NA,NA,NA
"16947",NA,NA,NA,NA,NA,NA,NA,NA,NA
"16948",0,0,0,0,0,0,0,0,0
"16950",0,0,0,0,0,0,0,0,0
"17002",0,0,0,0,0,0,0,0,0
"17003",9,9,9,10,13,14,15,16,19
"17004",NA,NA,NA,NA,NA,NA,NA,NA,NA
"17005",NA,NA,NA,NA,NA,NA,NA,NA,NA
"17006",0,0,0,0,0,0,0,0,0
"17007",NA,NA,NA,NA,NA,NA,NA,NA,NA
"17009",0,0,0,0,0,NA,NA,NA,NA
"17010",NA,NA,NA,NA,0,0,0,0,0
"17011",62,63,63,67,69,69,82,89,89
"17013",25,25,26,27,27,27,28,29,29
"17014",0,0,0,0,0,0,0,0,0
"17015",8,8,8,9,9,10,11,13,13
"17016",NA,NA,NA,NA,NA,NA,5,5,5
"17017",NA,NA,NA,NA,NA,NA,NA,NA,NA
"17018",5,5,5,5,5,5,5,5,5
"17019",11,12,12,12,12,12,13,13,13
"17020",NA,NA,NA,NA,NA,NA,NA,NA,NA
"17021",NA,NA,NA,NA,NA,NA,NA,NA,NA
"17022",27,27,27,30,30,31,32,33,35
"17023",8,8,8,8,8,8,8,8,8
"17024",0,0,0,0,0,0,NA,NA,NA
"17025",8,9,11,11,11,11,11,12,13
"17026",13,13,13,13,13,13,13,13,13
"17028",NA,NA,NA,NA,NA,NA,NA,NA,NA
"17029",0,0,0,0,0,0,0,0,0
"17030",0,0,0,0,0,0,0,0,0
"17032",0,0,0,0,0,0,0,NA,NA
"17033",34,34,36,36,37,38,39,40,40
"17034",NA,NA,NA,NA,NA,NA,NA,NA,NA
"17035",0,0,0,0,0,NA,NA,NA,NA
"17036",28,29,29,30,31,32,31,35,35
"17037",0,0,0,0,0,0,0,0,0
"17038",12,13,13,14,14,14,14,16,17
"17039",NA,NA,NA,NA,0,0,0,0,0
"17040",NA,NA,NA,NA,NA,NA,NA,NA,NA
"17041",NA,NA,NA,NA,0,0,0,0,0
"17042",169,177,184,188,189,193,196,202,208
"17043",NA,NA,NA,NA,NA,5,5,5,5
"17044",14,14,14,14,15,16,17,19,19
"17045",NA,NA,5,5,5,5,5,5,5
"17046",263,277,284,292,295,300,305,308,311
"17047",0,0,0,0,0,0,NA,NA,NA
"17048",NA,NA,NA,NA,NA,NA,NA,NA,NA
"17049",6,6,6,6,6,6,6,6,6
"17050",34,34,36,37,38,42,43,43,43
"17051",NA,NA,NA,NA,NA,NA,NA,NA,NA
"17052",0,0,0,0,0,0,0,0,0
"17053",NA,NA,NA,NA,NA,NA,NA,NA,NA
"17055",22,22,22,25,30,30,33,33,35
"17057",21,23,26,27,27,28,28,28,30
"17058",17,17,17,17,17,18,18,18,18
"17059",34,34,34,34,34,34,34,34,35
"17060",NA,NA,NA,NA,NA,NA,NA,NA,NA
"17061",NA,NA,5,5,5,6,5,5,7
"17062",NA,NA,NA,NA,NA,NA,NA,NA,NA
"17063",NA,NA,NA,NA,NA,NA,NA,NA,NA
"17064",NA,NA,NA,NA,NA,NA,NA,NA,NA
"17065",NA,NA,NA,NA,NA,NA,NA,NA,NA
"17066",5,5,5,5,5,5,8,8,8
"17067",33,38,40,44,44,44,45,49,49
"17068",NA,NA,NA,NA,NA,NA,NA,NA,NA
"17070",16,17,19,19,19,19,20,20,20
"17071",0,0,0,0,0,0,0,0,0
"17073",7,7,8,9,10,10,10,11,11
"17074",NA,NA,NA,NA,NA,NA,NA,NA,NA
"17076",0,0,0,0,0,0,0,0,0
"17078",23,25,25,27,27,28,28,28,29
"17080",NA,NA,NA,NA,NA,NA,NA,NA,NA
"17082",12,12,12,13,14,14,15,16,16
"17084",NA,NA,NA,NA,NA,NA,NA,NA,NA
"17086",NA,NA,NA,NA,NA,NA,NA,NA,NA
"17087",NA,NA,NA,NA,NA,NA,NA,NA,NA
"17090",NA,NA,NA,NA,NA,NA,NA,NA,NA
"17094",NA,NA,NA,NA,NA,NA,NA,NA,NA
"17097",0,0,0,0,0,0,0,0,0
"17098",NA,NA,NA,NA,NA,NA,NA,NA,NA
"17099",0,0,0,0,0,0,0,0,0
"17101",13,13,13,13,14,14,14,13,13
"17102",16,18,20,20,20,20,20,25,25
"17103",14,18,21,24,26,28,27,27,29
"17104",48,50,53,59,61,64,65,68,72
"17109",30,30,31,32,33,35,36,38,39
"17110",53,57,62,68,68,69,71,70,71
"17111",99,104,107,114,116,125,126,134,137
"17112",24,26,27,27,28,29,29,29,29
"17113",11,12,12,12,12,14,15,16,16
"17120",0,0,0,0,0,0,0,0,0
"17201",61,67,76,82,92,98,116,126,148
"17202",17,18,20,21,23,30,31,37,40
"17211",NA,NA,NA,NA,NA,NA,NA,NA,NA
"17212",0,0,0,0,0,0,0,0,0
"17213",0,0,0,0,0,0,0,NA,NA
"17214",0,0,0,0,0,0,0,0,0
"17215",0,0,0,0,0,0,0,0,0
"17217",0,0,0,0,0,0,0,NA,NA
"17219",0,0,0,0,0,0,0,0,0
"17220",0,0,0,0,0,0,0,0,0
"17221",NA,NA,NA,NA,NA,NA,NA,NA,NA
"17222",14,20,21,24,28,30,32,33,33
"17223",0,0,0,0,0,0,0,0,0
"17224",NA,NA,NA,NA,NA,NA,NA,NA,NA
"17225",11,11,11,11,11,13,14,14,14
"17228",0,0,0,0,0,0,0,0,0
"17229",0,0,0,0,0,0,0,0,0
"17232",0,0,0,0,0,0,0,0,0
"17233",NA,NA,NA,NA,NA,NA,NA,NA,NA
"17236",8,10,11,11,11,11,11,11,11
"17237",NA,NA,5,5,5,5,5,5,6
"17238",0,0,0,0,0,0,0,0,0
"17239",0,0,0,0,0,0,0,0,0
"17240",NA,NA,NA,NA,NA,NA,NA,NA,NA
"17241",5,8,9,9,9,10,10,10,10
"17243",0,0,0,0,0,0,0,0,0
"17244",NA,NA,NA,NA,NA,NA,NA,NA,NA
"17246",0,0,0,0,0,0,0,0,0
"17252",0,0,NA,NA,NA,NA,NA,NA,NA
"17255",NA,NA,NA,NA,NA,NA,NA,NA,NA
"17257",48,50,55,66,73,82,92,98,100
"17260",0,0,0,0,0,0,NA,NA,NA
"17262",0,0,0,NA,NA,NA,NA,NA,NA
"17264",NA,NA,NA,NA,NA,NA,NA,NA,NA
"17265",0,0,0,0,0,0,0,0,0
"17266",0,0,0,0,0,0,0,0,0
"17267",NA,NA,NA,NA,NA,NA,NA,NA,NA
"17268",19,21,22,23,25,26,29,29,31
"17271",0,0,0,0,0,0,0,0,0
"17301",8,8,8,8,9,9,9,9,9
"17302",NA,NA,NA,NA,NA,NA,NA,5,5
"17304",NA,NA,NA,NA,NA,NA,NA,NA,NA
"17307",0,0,0,0,0,0,0,NA,NA
"17309",NA,NA,NA,NA,NA,NA,NA,NA,NA
"17313",13,13,13,14,14,14,14,14,14
"17314",7,7,8,8,8,8,8,9,9
"17315",20,21,22,23,24,24,24,24,24
"17316",8,8,9,10,10,10,10,10,11
"17319",13,13,14,16,16,17,17,17,17
"17320",6,7,7,7,7,8,10,10,10
"17321",0,0,0,0,0,NA,NA,NA,NA
"17322",NA,NA,NA,NA,NA,NA,NA,NA,NA
"17324",NA,NA,NA,NA,NA,NA,NA,NA,NA
"17325",16,19,20,20,20,20,22,23,24
"17327",NA,NA,5,5,6,6,6,6,6
"17329",NA,NA,NA,NA,NA,NA,NA,NA,NA
"17331",36,36,37,40,41,42,43,45,46
"17339",9,9,9,9,9,9,9,9,9
"17340",11,12,13,13,13,13,13,14,14
"17344",NA,NA,NA,NA,NA,NA,5,5,5
"17345",NA,NA,NA,NA,NA,NA,NA,NA,NA
"17347",NA,5,5,5,5,5,6,6,6
"17349",10,10,10,10,10,10,10,11,11
"17350",28,31,31,31,32,32,32,33,34
"17352",NA,NA,NA,NA,NA,NA,NA,NA,NA
"17353",0,0,0,NA,NA,NA,NA,NA,NA
"17356",15,15,15,15,15,15,15,15,16
"17360",5,5,5,5,5,5,5,6,6
"17361",NA,NA,NA,NA,NA,NA,NA,NA,NA
"17362",6,8,10,11,12,12,12,12,14
"17363",NA,NA,NA,NA,NA,NA,NA,5,5
"17364",NA,NA,NA,NA,NA,NA,NA,NA,NA
"17365",0,0,0,0,0,0,0,0,0
"17366",NA,NA,NA,NA,NA,NA,NA,NA,NA
"17368",5,5,5,5,5,5,5,5,5
"17370",0,0,0,0,0,0,0,0,0
"17372",NA,NA,NA,NA,NA,NA,NA,NA,NA
"17401",91,91,91,93,94,97,98,99,100
"17402",31,33,34,34,36,37,37,40,40
"17403",128,135,139,143,145,146,148,149,149
"17404",60,63,65,65,69,69,69,72,74
"17406",12,12,12,12,12,12,12,12,14
"17407",NA,NA,NA,NA,NA,NA,NA,NA,NA
"17408",18,18,18,18,18,19,21,21,21
"17501",8,10,10,10,10,10,10,10,10
"17502",NA,NA,NA,NA,NA,NA,NA,NA,NA
"17505",0,0,0,0,0,0,0,0,0
"17509",25,25,25,26,26,26,26,26,26
"17512",32,36,35,40,40,44,46,46,47
"17516",13,13,13,14,14,14,14,14,14
"17517",24,25,25,26,26,28,28,29,32
"17518",NA,NA,NA,NA,NA,NA,NA,NA,NA
"17519",8,9,10,11,11,11,11,12,12
"17520",6,6,7,7,7,8,8,9,9
"17522",57,59,59,62,63,66,66,68,68
"17527",10,10,11,11,11,11,11,12,12
"17529",NA,5,5,7,7,7,7,7,7
"17532",NA,NA,NA,NA,NA,NA,NA,NA,NA
"17535",6,6,6,6,7,7,7,7,7
"17536",0,0,0,0,0,0,0,0,0
"17538",10,10,10,11,11,12,12,12,12
"17540",14,14,14,15,15,16,16,17,17
"17543",73,79,82,85,89,93,94,101,103
"17545",47,49,49,50,50,50,50,50,50
"17547",NA,NA,5,5,8,8,10,10,11
"17550",NA,NA,NA,NA,NA,NA,NA,NA,NA
"17551",21,22,22,23,23,23,23,24,24
"17552",24,25,25,25,27,27,27,28,28
"17554",17,18,19,19,19,19,19,20,20
"17555",NA,NA,NA,NA,NA,5,6,7,7
"17557",32,34,34,37,39,40,40,41,41
"17560",NA,NA,NA,NA,NA,NA,NA,NA,NA
"17562",8,8,8,10,10,10,10,10,10
"17563",8,8,8,8,8,8,8,8,9
"17565",5,5,6,6,6,6,6,6,6
"17566",12,12,13,14,14,14,15,15,15
"17569",11,12,12,13,13,13,13,13,13
"17572",NA,NA,NA,NA,NA,NA,NA,NA,NA
"17576",0,0,0,0,0,0,0,0,0
"17578",5,6,6,6,6,6,6,6,6
"17579",8,8,8,8,9,9,9,9,9
"17581",0,0,0,0,0,0,0,0,0
"17582",NA,NA,NA,NA,NA,NA,NA,NA,NA
"17584",23,23,23,24,25,25,25,25,25
"17601",165,171,173,186,193,196,197,200,207
"17602",255,273,293,310,333,347,359,377,397
"17603",331,354,373,385,394,403,405,423,431
"17701",12,13,17,17,18,18,18,18,18
"17702",NA,5,5,6,6,6,6,6,6
"17721",0,0,0,0,0,0,0,0,0
"17723",0,0,0,0,0,0,0,0,0
"17724",NA,NA,NA,NA,NA,NA,NA,NA,NA
"17727",0,0,0,0,0,0,0,0,0
"17728",NA,NA,NA,NA,NA,NA,NA,NA,NA
"17729",0,0,0,0,0,0,0,0,0
"17731",0,0,0,0,0,0,0,0,0
"17737",NA,NA,NA,NA,NA,NA,NA,NA,NA
"17740",11,11,12,13,14,14,16,22,25
"17742",0,0,0,0,0,0,0,0,0
"17744",0,0,0,0,0,0,0,0,0
"17745",5,7,8,10,12,13,13,14,14
"17747",NA,NA,NA,NA,5,5,6,6,6
"17751",NA,NA,NA,NA,5,7,7,7,7
"17752",0,0,0,0,0,0,0,NA,NA
"17754",NA,NA,NA,NA,NA,NA,NA,NA,NA
"17756",5,7,7,7,7,7,7,7,7
"17758",0,0,0,0,0,0,0,0,0
"17760",0,0,0,0,0,0,0,0,0
"17763",0,0,0,0,0,0,0,0,0
"17764",0,0,0,0,0,0,0,0,0
"17765",NA,NA,NA,NA,NA,NA,NA,NA,NA
"17768",0,0,0,0,0,0,0,0,0
"17771",NA,NA,NA,NA,NA,NA,NA,NA,NA
"17772",NA,NA,NA,NA,NA,NA,NA,NA,NA
"17774",0,0,0,0,0,0,0,0,0
"17776",0,0,0,0,0,0,0,0,0
"17777",NA,NA,NA,NA,NA,NA,NA,NA,NA
"17778",0,0,0,0,0,0,0,0,0
"17801",36,38,40,40,40,41,41,41,41
"17810",0,0,0,0,0,0,0,0,0
"17812",NA,NA,NA,NA,NA,NA,NA,NA,NA
"17813",0,0,0,0,0,0,0,0,0
"17814",NA,NA,NA,NA,NA,NA,NA,NA,NA
"17815",59,60,60,60,61,62,64,65,66
"17820",10,10,10,10,10,11,11,11,11
"17821",27,27,27,27,27,27,27,27,28
"17823",NA,NA,NA,NA,NA,NA,NA,NA,NA
"17824",0,0,0,NA,NA,NA,NA,NA,NA
"17827",0,0,0,0,0,0,0,0,0
"17830",NA,NA,NA,NA,NA,NA,NA,NA,NA
"17832",NA,NA,NA,NA,NA,NA,NA,NA,NA
"17834",NA,NA,NA,NA,NA,NA,NA,NA,NA
"17835",0,0,0,0,0,0,0,0,0
"17836",NA,NA,NA,NA,NA,NA,NA,NA,NA
"17837",6,7,7,7,7,7,7,8,8
"17840",0,0,0,0,0,0,0,0,0
"17841",6,6,6,6,6,6,7,7,7
"17842",NA,NA,NA,NA,NA,NA,NA,NA,NA
"17844",8,8,8,8,8,9,9,9,9
"17845",NA,NA,NA,NA,NA,NA,NA,NA,NA
"17846",NA,NA,NA,NA,NA,5,5,5,6
"17847",14,14,14,15,15,15,15,15,15
"17850",0,0,0,0,0,0,0,0,0
"17851",7,7,7,7,7,7,7,7,7
"17853",NA,NA,NA,NA,NA,NA,NA,NA,NA
"17855",0,0,0,0,0,0,0,0,0
"17856",NA,NA,NA,NA,NA,NA,NA,NA,NA
"17857",6,6,6,6,6,6,6,6,6
"17859",26,26,26,29,30,30,30,31,31
"17860",0,0,0,0,0,0,0,0,0
"17864",0,0,0,0,0,0,0,0,0
"17866",NA,NA,NA,NA,NA,NA,NA,NA,NA
"17867",0,0,0,0,0,0,0,0,0
"17868",0,0,0,0,0,0,0,0,0
"17870",16,16,17,18,18,18,18,18,18
"17872",10,10,10,10,10,11,11,11,11
"17876",NA,NA,NA,NA,NA,NA,NA,NA,NA
"17877",0,0,0,0,0,0,0,0,0
"17878",0,0,0,0,0,0,0,0,0
"17881",NA,NA,NA,NA,NA,NA,NA,NA,NA
"17886",NA,NA,NA,NA,NA,NA,NA,NA,NA
"17888",0,0,0,0,0,0,0,0,0
"17889",NA,NA,NA,NA,NA,NA,NA,NA,NA
"17901",34,34,35,40,40,42,43,56,58
"17921",NA,NA,5,5,5,5,5,6,7
"17922",14,14,15,15,15,16,17,18,18
"17923",0,0,0,0,0,0,0,0,0
"17925",NA,NA,NA,NA,NA,NA,NA,NA,NA
"17929",NA,NA,NA,NA,NA,NA,NA,5,5
"17930",NA,NA,NA,NA,NA,NA,NA,NA,NA
"17931",9,9,9,9,9,9,10,10,10
"17934",0,0,0,0,0,0,0,0,0
"17935",NA,NA,NA,NA,NA,NA,NA,NA,NA
"17938",NA,NA,NA,NA,NA,NA,NA,NA,NA
"17941",NA,NA,NA,NA,NA,NA,NA,NA,NA
"17948",10,12,12,13,13,13,14,14,14
"17954",NA,NA,6,6,6,6,6,6,6
"17957",NA,NA,NA,NA,NA,NA,NA,NA,NA
"17959",NA,NA,NA,NA,NA,NA,NA,NA,NA
"17960",8,8,8,8,8,8,8,8,8
"17961",8,9,8,8,9,9,9,10,10
"17963",13,13,13,13,13,13,13,14,14
"17964",0,0,0,0,0,0,NA,NA,NA
"17965",NA,NA,NA,NA,NA,NA,NA,5,6
"17967",11,12,12,12,12,12,12,12,12
"17968",NA,NA,NA,NA,NA,NA,NA,NA,NA
"17970",NA,NA,NA,NA,NA,NA,NA,NA,NA
"17972",18,18,19,19,19,20,21,21,21
"17974",NA,NA,NA,NA,NA,NA,NA,NA,NA
"17976",31,32,34,35,35,35,35,35,35
"17978",0,0,0,0,0,0,0,0,0
"17980",NA,NA,NA,NA,NA,NA,NA,NA,NA
"17981",5,5,5,5,5,5,5,5,5
"17983",NA,NA,NA,NA,NA,NA,NA,NA,NA
"17985",7,7,7,7,7,7,7,8,8
"18011",11,11,11,12,12,12,13,13,13
"18013",51,53,54,55,55,55,56,58,58
"18014",24,25,27,27,27,28,28,30,31
"18015",142,145,147,154,159,161,163,171,176
"18017",254,263,270,276,279,292,300,309,321
"18018",135,142,146,148,148,153,157,159,162
"18020",119,119,120,123,125,126,127,127,129
"18031",46,47,47,47,48,48,48,48,48
"18032",29,30,32,32,32,35,35,37,38
"18034",19,20,20,20,20,20,21,21,22
"18035",0,0,0,0,0,0,0,0,0
"18036",23,26,28,29,29,35,38,39,40
"18037",30,31,32,32,32,33,33,33,34
"18038",5,6,8,8,9,9,10,10,10
"18040",73,76,76,76,77,78,79,81,81
"18041",9,9,9,9,10,11,11,12,12
"18042",296,310,323,326,331,397,420,426,436
"18045",275,279,283,285,289,293,301,306,316
"18049",48,48,48,51,52,53,56,58,59
"18051",NA,NA,NA,NA,NA,NA,NA,NA,NA
"18052",210,211,220,222,224,226,230,234,239
"18053",6,6,6,6,6,6,6,6,6
"18054",8,9,9,9,9,10,10,10,10
"18055",33,36,36,36,37,37,38,38,38
"18056",NA,NA,NA,NA,NA,NA,NA,NA,NA
"18058",28,29,30,30,30,30,30,32,32
"18059",NA,NA,NA,NA,NA,NA,NA,NA,NA
"18062",127,130,134,135,137,138,138,140,144
"18063",0,0,0,0,0,0,0,0,0
"18064",133,145,161,165,165,182,188,193,197
"18066",6,6,6,6,6,6,6,6,6
"18067",42,44,45,46,46,49,49,51,52
"18069",30,31,31,31,33,33,33,34,34
"18070",NA,NA,NA,NA,NA,NA,NA,NA,NA
"18071",14,14,15,15,15,15,15,16,17
"18072",13,13,13,13,13,13,13,13,13
"18073",16,17,17,17,17,17,18,18,18
"18074",6,6,6,6,6,6,6,6,6
"18076",NA,NA,NA,NA,NA,NA,NA,NA,NA
"18077",NA,NA,NA,NA,NA,NA,NA,NA,NA
"18078",7,7,7,7,7,7,8,9,9
"18080",31,31,32,32,33,33,33,35,35
"18083",NA,NA,NA,NA,NA,NA,NA,NA,NA
"18085",NA,NA,NA,NA,NA,NA,NA,NA,NA
"18087",NA,NA,NA,NA,NA,NA,NA,NA,NA
"18088",22,22,24,24,24,25,26,26,27
"18091",11,11,12,14,14,14,14,14,14
"18092",NA,NA,NA,NA,NA,NA,NA,NA,NA
"18101",37,38,38,39,40,41,42,41,42
"18102",823,835,848,867,880,890,896,916,929
"18103",395,409,432,442,445,458,465,476,484
"18104",240,246,253,258,263,265,271,280,286
"18106",41,42,42,43,43,46,47,49,49
"18109",208,220,226,234,236,239,242,251,260
"18201",876,884,899,906,908,911,915,919,922
"18202",216,220,223,232,233,239,240,244,251
"18210",43,43,43,43,43,45,45,45,46
"18211",NA,NA,NA,NA,NA,NA,NA,NA,NA
"18214",NA,NA,NA,NA,NA,NA,5,5,5
"18216",15,15,15,16,16,16,16,16,16
"18218",NA,NA,6,6,6,6,6,6,6
"18219",6,6,6,6,6,6,6,6,6
"18220",NA,NA,NA,NA,NA,NA,NA,NA,NA
"18222",48,48,48,48,48,48,48,49,49
"18224",32,34,35,36,37,37,38,37,37
"18225",NA,NA,NA,NA,NA,NA,NA,NA,NA
"18229",10,10,10,10,10,10,10,10,11
"18230",0,0,0,0,0,0,0,0,0
"18232",NA,NA,NA,NA,NA,NA,NA,NA,NA
"18235",18,19,20,20,20,20,20,21,22
"18237",29,29,31,32,32,32,32,32,32
"18240",NA,NA,NA,NA,NA,NA,NA,NA,NA
"18245",0,0,0,0,0,0,0,0,0
"18246",0,0,0,0,0,0,0,0,0
"18248",NA,NA,NA,NA,NA,NA,NA,NA,NA
"18249",13,13,13,14,14,14,14,14,14
"18250",NA,NA,NA,NA,NA,NA,NA,NA,NA
"18252",28,29,29,30,30,30,30,30,30
"18254",9,9,9,9,9,9,9,9,9
"18255",36,40,40,40,41,42,43,46,48
"18301",193,198,201,205,208,210,211,215,216
"18302",149,149,151,151,151,152,154,155,156
"18321",8,8,8,8,8,8,8,8,8
"18322",18,18,18,18,18,19,19,21,21
"18324",73,79,80,81,82,83,83,83,85
"18325",8,8,8,8,8,8,8,8,8
"18326",14,14,14,14,15,15,15,15,15
"18327",NA,NA,NA,NA,NA,NA,NA,NA,NA
"18328",37,37,38,38,38,39,41,43,43
"18330",55,55,55,55,56,56,56,56,56
"18331",NA,NA,NA,NA,NA,NA,NA,NA,NA
"18332",26,26,26,26,27,27,27,27,27
"18333",NA,NA,NA,NA,NA,NA,NA,NA,NA
"18334",22,22,24,24,24,24,25,26,27
"18336",20,20,20,20,20,21,22,21,21
"18337",113,117,121,122,123,124,127,129,130
"18340",0,0,0,0,0,0,0,0,0
"18343",10,10,10,10,10,11,11,11,11
"18344",32,33,33,34,34,35,35,35,35
"18346",23,24,24,24,24,24,24,26,26
"18347",9,9,9,9,9,10,10,10,10
"18350",6,6,6,6,6,6,6,6,6
"18352",NA,NA,NA,NA,NA,NA,NA,NA,NA
"18353",44,45,46,46,47,47,47,47,49
"18354",5,5,5,5,5,5,5,5,5
"18355",NA,NA,NA,NA,NA,NA,NA,NA,NA
"18360",194,196,202,205,208,213,219,221,234
"18370",13,13,13,13,14,14,14,14,14
"18371",NA,NA,NA,NA,NA,NA,5,7,7
"18372",14,14,14,14,15,15,16,16,16
"18403",17,18,18,18,18,18,18,19,19
"18405",5,5,6,6,6,6,6,7,7
"18407",52,52,53,53,61,63,63,75,75
"18411",49,51,53,53,54,54,55,55,55
"18414",11,11,11,11,12,12,12,12,12
"18415",NA,NA,NA,NA,NA,NA,NA,NA,NA
"18417",NA,NA,NA,NA,NA,NA,NA,NA,NA
"18419",NA,NA,NA,NA,NA,NA,NA,NA,NA
"18421",50,51,51,51,51,51,51,52,52
"18424",12,12,12,12,13,13,13,13,13
"18425",7,7,7,7,7,7,7,7,7
"18426",9,9,9,9,10,10,10,10,10
"18427",NA,NA,NA,NA,NA,NA,NA,NA,NA
"18428",57,58,59,59,59,64,65,68,69
"18430",0,0,0,0,0,0,0,0,0
"18431",15,16,18,18,18,18,18,19,19
"18433",10,10,11,11,11,11,11,11,11
"18434",11,11,11,11,13,14,15,15,15
"18435",NA,NA,NA,NA,NA,NA,NA,NA,NA
"18436",31,31,33,33,33,33,34,35,35
"18437",0,0,0,0,0,0,0,NA,NA
"18438",NA,NA,NA,NA,NA,NA,NA,NA,NA
"18439",0,0,0,0,0,0,0,0,0
"18441",0,0,0,0,0,0,0,0,0
"18443",0,0,0,0,0,0,0,0,0
"18444",20,26,24,27,31,33,35,37,40
"18445",0,0,0,0,0,0,0,0,0
"18446",NA,NA,NA,NA,5,5,6,7,7
"18447",24,24,24,26,28,28,29,31,31
"18451",0,0,0,0,0,0,0,0,0
"18452",7,8,9,9,9,9,9,10,10
"18453",NA,NA,NA,NA,NA,NA,NA,NA,NA
"18455",0,0,0,0,0,0,0,0,0
"18456",0,0,0,0,0,0,0,0,0
"18458",16,16,17,17,17,17,17,17,18
"18460",0,0,0,0,0,0,0,0,0
"18461",0,0,0,0,0,0,0,0,0
"18462",0,0,0,0,0,0,0,0,0
"18463",NA,NA,NA,NA,NA,NA,NA,NA,NA
"18464",NA,NA,NA,NA,NA,NA,NA,NA,NA
"18465",NA,NA,NA,NA,NA,NA,NA,NA,NA
"18466",101,102,103,105,110,111,113,115,116
"18469",0,0,0,0,0,0,0,0,0
"18470",NA,NA,NA,NA,NA,NA,NA,NA,NA
"18471",NA,NA,NA,NA,NA,NA,NA,NA,NA
"18472",NA,NA,NA,NA,NA,NA,NA,5,6
"18503",NA,NA,NA,NA,NA,NA,NA,NA,NA
"18504",62,64,72,74,75,76,79,84,87
"18505",101,107,114,118,124,128,134,140,148
"18507",18,17,17,17,17,17,18,18,18
"18508",65,72,76,78,81,80,81,85,86
"18509",26,27,29,30,30,32,33,35,37
"18510",107,107,113,118,126,130,130,131,133
"18512",36,36,39,40,41,43,45,46,46
"18517",19,20,22,23,24,25,25,25,26
"18518",18,20,21,21,22,23,23,23,23
"18519",7,9,9,9,9,10,10,12,12
"18603",137,140,145,150,153,154,155,155,159
"18610",30,32,32,33,34,34,34,34,35
"18612",15,15,15,15,15,15,15,15,15
"18614",0,0,0,0,0,0,0,0,0
"18615",NA,NA,NA,NA,NA,NA,NA,NA,NA
"18616",0,0,0,0,0,0,0,0,0
"18617",NA,NA,NA,NA,NA,NA,NA,NA,NA
"18618",NA,NA,NA,NA,5,5,5,5,5
"18619",0,0,0,0,0,0,0,0,0
"18621",10,11,11,12,13,13,14,14,14
"18622",0,0,0,0,0,0,0,0,0
"18623",0,0,0,0,0,0,0,0,0
"18624",0,0,0,0,0,0,0,NA,NA
"18628",0,0,0,0,0,0,0,0,0
"18629",0,0,0,0,0,0,0,0,0
"18630",0,0,0,0,0,0,0,0,0
"18631",NA,NA,NA,NA,5,6,7,7,7
"18632",0,0,0,0,0,0,0,0,0
"18634",24,25,25,27,30,31,32,33,33
"18635",17,18,18,18,18,20,20,20,20
"18636",NA,NA,NA,NA,NA,NA,NA,NA,NA
"18640",39,40,41,43,44,44,44,44,45
"18641",17,17,17,17,18,19,20,20,20
"18642",6,6,6,7,7,7,8,8,8
"18643",14,14,15,15,15,18,19,20,20
"18644",19,20,21,22,22,22,21,21,20
"18651",11,12,12,14,14,16,17,17,17
"18655",24,25,26,28,28,29,30,32,32
"18656",NA,5,5,5,5,5,NA,NA,NA
"18657",9,9,9,9,9,9,9,9,10
"18660",8,7,7,7,7,7,7,8,8
"18661",15,15,16,16,17,18,18,18,18
"18701",NA,NA,NA,NA,NA,NA,NA,6,7
"18702",174,182,187,197,208,216,227,236,242
"18704",72,73,74,75,75,80,83,82,83
"18705",41,44,44,46,45,46,49,50,56
"18706",30,30,32,33,34,37,37,40,44
"18707",71,76,78,80,83,87,89,91,91
"18708",10,9,9,9,9,9,9,10,10
"18709",NA,NA,NA,NA,NA,NA,NA,NA,NA
"18801",NA,NA,NA,5,5,6,6,6,6
"18810",NA,NA,NA,NA,NA,NA,NA,NA,NA
"18812",NA,NA,NA,NA,NA,NA,NA,NA,NA
"18817",0,0,0,0,0,0,0,0,0
"18818",NA,NA,NA,NA,NA,NA,NA,NA,NA
"18821",NA,NA,NA,NA,NA,NA,NA,NA,NA
"18822",0,0,0,0,0,0,0,0,0
"18823",0,0,0,0,0,0,0,0,0
"18824",NA,NA,NA,NA,NA,NA,NA,NA,NA
"18825",NA,NA,NA,NA,NA,NA,NA,NA,NA
"18826",NA,NA,NA,NA,NA,NA,NA,NA,NA
"18828",0,0,0,0,0,0,0,0,0
"18829",NA,NA,NA,NA,NA,NA,NA,NA,NA
"18830",0,0,0,0,0,0,0,0,0
"18831",0,0,0,0,0,0,0,0,0
"18832",0,0,0,0,0,0,0,0,0
"18833",NA,NA,NA,NA,NA,NA,NA,NA,NA
"18834",NA,NA,NA,NA,NA,NA,NA,NA,NA
"18837",0,0,0,0,0,0,0,0,0
"18840",14,14,14,14,14,14,14,15,16
"18842",0,0,0,0,0,0,0,0,0
"18844",0,0,0,0,0,0,0,0,0
"18845",0,0,0,0,0,0,0,0,0
"18846",0,0,0,0,0,0,0,0,0
"18847",7,7,7,7,7,7,7,7,7
"18848",NA,NA,NA,NA,NA,NA,NA,NA,NA
"18850",0,0,0,0,0,0,0,0,0
"18851",0,0,0,0,0,0,0,0,0
"18853",NA,NA,NA,NA,NA,NA,NA,NA,NA
"18854",NA,NA,NA,NA,NA,NA,NA,NA,NA
"18901",177,189,217,220,224,232,238,246,294
"18902",57,60,66,66,67,67,67,70,71
"18913",NA,NA,NA,NA,NA,NA,NA,NA,NA
"18914",35,36,36,39,40,41,42,46,47
"18915",5,5,5,5,5,5,5,5,5
"18917",9,9,9,9,9,9,9,9,9
"18920",0,0,0,0,0,0,0,0,0
"18923",NA,NA,NA,NA,NA,NA,NA,NA,NA
"18925",15,15,17,18,18,18,19,19,19
"18927",0,0,0,0,0,0,0,0,0
"18929",28,29,30,33,33,33,33,33,33
"18930",NA,NA,NA,NA,NA,NA,NA,NA,NA
"18932",0,0,0,0,0,0,0,0,0
"18933",0,0,0,0,0,0,0,0,0
"18934",NA,NA,NA,NA,NA,NA,NA,NA,NA
"18936",31,31,31,31,31,31,31,32,32
"18938",28,29,31,32,33,33,36,37,37
"18940",87,92,93,95,100,100,105,109,112
"18942",NA,NA,NA,NA,NA,NA,NA,NA,5
"18944",37,40,40,40,40,40,42,43,43
"18947",13,14,14,14,15,15,15,17,17
"18951",80,84,89,91,96,101,109,112,113
"18954",27,30,32,33,33,33,34,40,40
"18955",NA,NA,NA,NA,NA,NA,NA,NA,NA
"18960",45,45,46,46,46,46,46,46,50
"18964",59,60,60,61,62,62,62,63,65
"18966",107,116,122,127,129,134,138,147,158
"18969",60,63,66,67,68,68,69,70,72
"18972",NA,NA,NA,NA,NA,NA,NA,NA,NA
"18974",132,136,143,144,150,152,154,156,162
"18976",55,60,66,69,77,78,84,90,103
"18977",7,8,10,10,10,10,10,10,10
"19001",91,95,97,97,97,98,99,100,101
"19002",164,164,175,182,184,185,189,190,194
"19003",45,47,47,47,49,50,50,50,53
"19004",51,51,52,52,52,53,53,53,56
"19006",93,96,99,103,107,109,111,114,116
"19007",100,109,119,125,132,132,135,138,148
"19008",109,113,115,116,117,121,130,135,138
"19009",0,0,0,0,0,0,0,0,0
"19010",97,98,102,105,109,109,110,112,114
"19012",45,46,48,48,49,49,50,51,52
"19013",152,157,160,170,173,186,198,205,214
"19014",74,76,79,82,83,86,88,90,93
"19015",71,72,77,79,82,84,89,93,96
"19018",110,118,121,126,133,138,143,146,147
"19020",214,239,250,259,269,274,282,292,303
"19021",22,25,29,33,35,36,38,40,43
"19022",16,18,18,19,20,20,20,21,22
"19023",203,221,232,245,250,258,272,280,302
"19025",15,15,15,15,15,15,16,17,17
"19026",145,152,156,164,169,171,178,181,186
"19027",101,110,113,116,116,117,125,130,136
"19029",11,11,12,12,13,17,17,18,18
"19030",43,46,47,49,49,50,51,53,56
"19031",38,40,40,48,50,49,51,52,52
"19032",43,46,46,48,52,55,56,58,58
"19033",17,17,17,18,19,19,21,21,21
"19034",27,27,27,29,29,30,32,34,35
"19035",12,12,12,12,12,13,13,13,13
"19036",42,43,47,49,50,52,54,55,55
"19038",183,199,206,210,214,218,226,238,250
"19040",54,54,56,56,56,58,59,62,61
"19041",29,31,32,32,33,33,35,35,41
"19043",5,5,7,8,10,8,8,8,8
"19044",38,41,42,42,42,44,49,49,50
"19046",87,88,91,93,96,96,103,105,110
"19047",221,242,250,253,258,271,282,306,309
"19050",324,343,344,355,360,362,373,382,389
"19053",67,73,76,77,80,82,86,88,93
"19054",58,60,63,67,71,74,77,78,83
"19055",54,58,61,62,65,65,67,70,72
"19056",39,42,47,49,50,56,61,72,73
"19057",35,38,40,43,47,48,51,60,66
"19060",26,26,26,26,27,27,27,27,27
"19061",53,58,64,66,67,69,69,72,73
"19063",228,244,266,271,275,288,305,322,341
"19064",101,103,105,108,108,114,121,122,125
"19066",50,52,52,52,52,52,52,52,52
"19067",186,199,207,227,234,238,239,249,258
"19070",20,22,23,23,23,24,25,25,26
"19072",40,40,40,40,41,42,42,42,42
"19073",74,78,80,82,84,87,87,89,93
"19074",20,21,22,23,23,24,25,26,27
"19075",26,26,26,27,28,28,29,29,30
"19076",31,33,35,38,39,41,43,44,46
"19078",43,43,45,46,47,47,48,50,50
"19079",65,67,69,72,76,76,82,82,86
"19081",32,32,33,34,34,34,35,35,36
"19082",306,325,337,347,355,363,385,391,414
"19083",126,129,133,135,136,137,139,138,143
"19085",12,12,13,13,13,13,13,14,14
"19086",109,113,113,113,113,115,115,115,117
"19087",69,74,75,77,78,78,84,85,89
"19090",117,119,127,129,130,130,134,138,138
"19094",20,20,20,20,20,20,20,20,20
"19095",113,118,124,127,145,146,150,153,155
"19096",75,79,81,82,85,86,88,92,95
"19102",30,30,32,32,33,33,33,33,34
"19103",119,123,126,126,126,129,133,138,138
"19104",174,178,180,181,184,184,190,193,193
"19106",29,30,31,31,31,32,32,34,34
"19107",88,89,90,91,92,96,99,103,104
"19111",444,465,488,506,525,533,550,564,590
"19112",0,0,0,0,0,0,0,0,0
"19113",0,0,0,0,0,0,0,0,0
"19114",165,179,188,196,203,204,209,217,221
"19115",400,438,452,466,470,474,479,490,497
"19116",287,307,325,332,340,343,345,368,373
"19118",56,63,71,71,75,75,76,98,102
"19119",178,196,203,211,220,223,231,238,247
"19120",402,418,442,451,459,471,479,501,516
"19121",185,194,198,204,208,216,223,229,234
"19122",97,100,103,107,110,109,110,112,116
"19123",120,126,128,140,140,142,142,149,150
"19124",385,398,407,418,431,439,450,465,479
"19125",98,98,101,104,106,111,112,115,121
"19126",196,209,213,222,226,227,237,246,250
"19127",17,17,17,17,17,17,18,18,18
"19128",199,203,207,212,217,219,226,235,240
"19129",57,60,60,61,62,62,64,67,69
"19130",119,128,137,138,142,143,159,173,176
"19131",395,404,420,430,432,444,452,465,477
"19132",290,296,303,311,316,323,332,340,347
"19133",169,170,173,179,182,185,187,190,194
"19134",255,261,271,275,277,286,297,310,321
"19135",168,175,177,185,195,204,211,217,224
"19136",360,367,397,405,409,434,438,462,468
"19137",18,19,19,21,21,21,22,23,24
"19138",219,222,232,236,241,250,256,261,265
"19139",371,387,398,406,409,414,425,436,439
"19140",323,337,351,354,360,371,379,398,405
"19141",171,177,183,189,190,196,206,209,213
"19142",246,258,267,275,280,283,295,301,304
"19143",412,419,435,442,444,454,465,467,474
"19144",279,296,320,332,335,351,364,374,383
"19145",268,272,279,286,292,300,313,315,316
"19146",213,222,230,230,234,236,234,254,254
"19147",140,147,150,154,157,159,162,164,172
"19148",256,264,273,284,292,305,315,324,328
"19149",310,322,332,339,345,357,366,383,387
"19150",208,227,233,238,242,245,253,271,276
"19151",289,297,307,308,313,316,322,328,332
"19152",225,245,256,261,269,277,285,298,309
"19153",94,98,97,98,98,99,99,102,104
"19154",182,187,193,197,203,206,211,223,229
"19301",16,17,20,20,23,23,26,27,30
"19310",5,5,5,5,5,5,5,5,5
"19311",6,6,6,6,6,6,6,7,7
"19312",63,71,79,81,81,82,83,83,85
"19317",14,14,14,14,15,15,15,16,16
"19319",0,0,0,0,0,0,0,0,0
"19320",90,97,103,104,110,117,119,128,135
"19330",6,7,7,7,8,8,8,8,9
"19333",12,13,13,13,14,14,14,15,15
"19335",78,87,92,97,102,107,110,120,128
"19341",37,37,38,39,39,39,42,43,45
"19342",53,54,54,55,59,61,74,76,81
"19343",5,5,5,7,7,7,7,7,8
"19344",19,19,19,19,19,19,20,20,21
"19345",0,0,0,0,0,0,0,0,0
"19348",24,25,27,27,28,28,29,30,31
"19350",11,11,12,12,13,13,13,13,14
"19352",6,6,6,6,6,6,6,6,6
"19355",75,78,81,86,87,93,100,100,103
"19362",6,6,8,8,8,8,8,8,8
"19363",25,27,28,29,31,32,33,35,35
"19365",12,12,12,14,14,15,16,16,16
"19372",NA,NA,NA,NA,NA,NA,NA,NA,NA
"19373",23,24,24,24,24,25,25,26,26
"19374",NA,NA,NA,NA,NA,NA,NA,NA,NA
"19380",122,131,147,154,162,166,168,171,180
"19382",131,148,161,168,171,176,190,198,205
"19383",NA,NA,NA,NA,NA,NA,NA,NA,NA
"19390",14,15,15,15,15,15,15,15,15
"19401",225,236,247,262,271,276,294,315,325
"19403",113,119,119,125,134,311,314,320,330
"19405",11,11,12,12,12,12,13,13,13
"19406",73,74,74,77,78,80,85,84,86
"19422",67,70,71,73,75,75,76,75,78
"19425",25,25,25,25,25,25,25,26,26
"19426",119,121,124,125,126,127,129,132,133
"19428",49,50,51,54,55,55,57,60,59
"19435",0,0,0,0,0,NA,NA,NA,NA
"19436",NA,NA,NA,NA,NA,NA,NA,NA,NA
"19438",66,67,67,70,71,71,73,74,74
"19440",101,101,102,106,106,107,108,112,114
"19444",64,70,73,74,75,75,77,79,79
"19446",184,196,207,211,217,220,226,241,245
"19453",NA,NA,NA,NA,NA,NA,NA,NA,NA
"19454",82,83,85,86,87,88,95,98,98
"19456",NA,NA,NA,NA,NA,NA,NA,NA,NA
"19460",71,78,85,90,94,107,111,123,129
"19462",73,73,75,75,75,75,78,80,80
"19464",116,120,122,126,128,128,131,136,138
"19465",13,14,13,16,16,16,17,18,18
"19468",115,132,135,139,144,145,148,155,161
"19473",20,21,21,23,23,23,23,23,24
"19475",39,42,43,47,48,51,53,61,61
"19477",6,6,6,6,7,7,7,8,9
"19492",NA,NA,NA,NA,NA,NA,NA,NA,NA
"19501",NA,NA,NA,NA,NA,NA,NA,NA,NA
"19503",NA,NA,NA,NA,NA,NA,NA,NA,NA
"19504",6,6,6,6,6,6,6,6,6
"19505",5,7,7,8,8,9,10,11,11
"19506",16,18,18,19,19,19,19,20,20
"19507",NA,NA,NA,NA,NA,6,6,6,6
"19508",32,32,34,36,37,39,40,40,40
"19510",15,17,18,19,20,20,20,22,22
"19512",18,21,22,23,24,26,26,28,27
"19518",26,29,31,34,36,36,36,37,37
"19520",5,6,6,6,6,6,6,6,6
"19522",21,22,22,22,25,26,26,27,28
"19525",26,28,28,34,34,34,34,35,36
"19526",25,27,28,29,29,30,30,30,30
"19529",NA,NA,NA,NA,NA,NA,NA,NA,NA
"19530",30,33,35,35,36,36,36,38,39
"19533",18,21,21,24,24,25,26,28,28
"19534",NA,NA,NA,NA,NA,NA,NA,NA,NA
"19539",6,7,7,7,7,7,8,8,8
"19540",12,12,12,13,13,13,13,14,14
"19541",7,8,8,8,8,8,8,8,8
"19543",NA,NA,NA,NA,NA,NA,NA,NA,NA
"19547",9,9,9,9,10,10,10,11,12
"19549",NA,NA,NA,NA,NA,NA,NA,NA,NA
"19550",0,0,0,0,0,0,0,0,0
"19551",6,6,6,6,7,7,7,7,7
"19555",NA,NA,NA,NA,NA,NA,NA,NA,NA
"19560",42,45,50,53,55,56,57,57,60
"19562",14,14,14,14,16,17,17,18,20
"19565",29,29,29,29,29,33,35,36,36
"19567",16,18,20,20,20,29,29,29,30
"19601",445,467,477,493,496,507,510,523,535
"19602",183,191,199,205,207,213,217,225,229
"19604",370,388,406,415,417,436,438,446,453
"19605",109,114,117,127,128,131,135,137,141
"19606",112,120,122,130,131,135,135,139,143
"19607",56,61,64,65,66,68,69,74,77
"19608",205,215,219,225,226,229,230,231,234
"19609",36,36,36,40,40,41,41,42,42
"19610",58,63,63,65,70,71,71,73,76
"19611",197,208,208,209,210,214,216,219,220
