"","03/16/20","03/17/20","03/18/20","03/19/20","03/20/20","03/21/20","03/22/20","03/23/20","03/24/20","03/25/20","03/26/20","03/27/20","03/28/20","03/29/20","03/30/20","03/31/20","04/01/20","04/02/20","04/03/20","04/04/20","04/05/20","04/06/20","04/07/20","04/08/20","04/09/20","04/10/20","04/11/20","04/12/20","04/13/20"
"Alameda, Alameda",NA,NA,NA,NA,NA,NA,NA,NA,NA,NA,NA,NA,NA,NA,NA,NA,NA,NA,NA,NA,NA,NA,NA,18,22,22,23,23,24
"Albany, Alameda",NA,NA,NA,NA,NA,NA,NA,NA,NA,NA,NA,NA,NA,NA,NA,NA,NA,NA,NA,NA,NA,NA,NA,NA,NA,NA,NA,NA,NA
"Berkeley, Alameda",NA,NA,NA,NA,NA,NA,NA,NA,NA,NA,NA,NA,NA,NA,NA,NA,NA,NA,NA,NA,NA,NA,NA,30,32,36,NA,NA,NA
"Dublin, Alameda",NA,NA,NA,NA,NA,NA,NA,NA,NA,NA,NA,NA,NA,NA,NA,NA,NA,NA,NA,NA,NA,NA,NA,14,13,16,17,17,18
"Emeryville, Alameda",NA,NA,NA,NA,NA,NA,NA,NA,NA,NA,NA,NA,NA,NA,NA,NA,NA,NA,NA,NA,NA,NA,NA,NA,NA,NA,NA,NA,NA
"Fremont, Alameda",NA,NA,NA,NA,NA,NA,NA,NA,NA,NA,NA,NA,NA,NA,NA,NA,NA,NA,NA,NA,NA,NA,NA,40,64,68,70,75,77
"Hayward, Alameda",NA,NA,NA,NA,NA,NA,NA,NA,NA,NA,NA,NA,NA,NA,NA,NA,NA,NA,NA,NA,NA,NA,NA,103,142,153,156,167,172
"Livermore, Alameda",NA,NA,NA,NA,NA,NA,NA,NA,NA,NA,NA,NA,NA,NA,NA,NA,NA,NA,NA,NA,NA,NA,NA,22,28,26,26,27,29
"Newark, Alameda",NA,NA,NA,NA,NA,NA,NA,NA,NA,NA,NA,NA,NA,NA,NA,NA,NA,NA,NA,NA,NA,NA,NA,19,24,25,25,26,27
"Oakland, Alameda",NA,NA,NA,NA,NA,NA,NA,NA,NA,NA,NA,NA,NA,NA,NA,NA,NA,NA,NA,NA,NA,NA,NA,127,157,162,175,189,204
"Piedmont, Alameda",NA,NA,NA,NA,NA,NA,NA,NA,NA,NA,NA,NA,NA,NA,NA,NA,NA,NA,NA,NA,NA,NA,NA,NA,NA,NA,10,10,10
"Pleasanton, Alameda",NA,NA,NA,NA,NA,NA,NA,NA,NA,NA,NA,NA,NA,NA,NA,NA,NA,NA,NA,NA,NA,NA,NA,33,40,40,43,43,44
"San Leandro, Alameda",NA,NA,NA,NA,NA,NA,NA,NA,NA,NA,NA,NA,NA,NA,NA,NA,NA,NA,NA,NA,NA,NA,NA,27,37,38,45,46,48
"Unincorporated, Alameda",NA,NA,NA,NA,NA,NA,NA,NA,NA,NA,NA,NA,NA,NA,NA,NA,NA,NA,NA,NA,NA,NA,NA,70,84,99,105,107,117
"Union City, Alameda",NA,NA,NA,NA,NA,NA,NA,NA,NA,NA,NA,NA,NA,NA,NA,NA,NA,NA,NA,NA,NA,NA,NA,28,32,36,38,40,41
"Alameda County LHJ, Alameda",NA,NA,NA,NA,NA,NA,NA,NA,NA,NA,NA,NA,NA,NA,NA,NA,NA,NA,NA,NA,NA,NA,NA,NA,NA,NA,770,807,850
"Berkeley LHJ, Alameda",NA,NA,NA,NA,NA,NA,NA,NA,NA,NA,NA,NA,NA,NA,NA,NA,NA,NA,NA,NA,NA,NA,NA,NA,NA,NA,36,36,36
"Known Homeless, Alameda",NA,NA,NA,NA,NA,NA,NA,NA,NA,NA,NA,NA,NA,NA,NA,NA,NA,NA,NA,NA,NA,NA,NA,NA,NA,NA,NA,NA,NA
"No Address (May Be Homeless), Alameda",NA,NA,NA,NA,NA,NA,NA,NA,NA,NA,NA,NA,NA,NA,NA,NA,NA,NA,NA,NA,NA,NA,NA,NA,NA,NA,11,11,11
"Santa Rita Jail, Alameda",NA,NA,NA,NA,NA,NA,NA,NA,NA,NA,NA,NA,NA,NA,NA,NA,NA,NA,NA,NA,NA,NA,NA,NA,NA,NA,13,13,13
"Alamo, Contra Costa",NA,NA,NA,NA,NA,NA,NA,NA,NA,NA,NA,NA,NA,NA,NA,NA,NA,NA,NA,NA,NA,13,13,13,13,15,15,15,15
"Antioch, Contra Costa",NA,NA,NA,NA,NA,NA,NA,NA,NA,NA,NA,NA,NA,NA,NA,NA,NA,NA,NA,NA,NA,26,27,32,34,37,38,38,40
"Bay Point, Contra Costa",NA,NA,NA,NA,NA,NA,NA,NA,NA,NA,NA,NA,NA,NA,NA,NA,NA,NA,NA,NA,NA,15,18,20,20,20,24,26,27
"Bethel Island, Contra Costa",NA,NA,NA,NA,NA,NA,NA,NA,NA,NA,NA,NA,NA,NA,NA,NA,NA,NA,NA,NA,NA,1,1,1,1,1,1,1,1
"Brentwood, Contra Costa",NA,NA,NA,NA,NA,NA,NA,NA,NA,NA,NA,NA,NA,NA,NA,NA,NA,NA,NA,NA,NA,24,27,29,32,34,37,38,39
"Clayton, Contra Costa",NA,NA,NA,NA,NA,NA,NA,NA,NA,NA,NA,NA,NA,NA,NA,NA,NA,NA,NA,NA,NA,4,4,4,4,4,5,5,5
"Concord, Contra Costa",NA,NA,NA,NA,NA,NA,NA,NA,NA,NA,NA,NA,NA,NA,NA,NA,NA,NA,NA,NA,NA,30,36,37,41,46,48,50,50
"Danville, Contra Costa",NA,NA,NA,NA,NA,NA,NA,NA,NA,NA,NA,NA,NA,NA,NA,NA,NA,NA,NA,NA,NA,19,19,19,20,22,22,21,22
"Discovery Bay, Contra Costa",NA,NA,NA,NA,NA,NA,NA,NA,NA,NA,NA,NA,NA,NA,NA,NA,NA,NA,NA,NA,NA,6,6,6,6,6,7,7,7
"El Cerrito, Contra Costa",NA,NA,NA,NA,NA,NA,NA,NA,NA,NA,NA,NA,NA,NA,NA,NA,NA,NA,NA,NA,NA,4,5,5,6,7,8,8,8
"El Sobrante, Contra Costa",NA,NA,NA,NA,NA,NA,NA,NA,NA,NA,NA,NA,NA,NA,NA,NA,NA,NA,NA,NA,NA,13,13,13,13,13,13,13,15
"Hercules, Contra Costa",NA,NA,NA,NA,NA,NA,NA,NA,NA,NA,NA,NA,NA,NA,NA,NA,NA,NA,NA,NA,NA,9,9,9,9,9,9,9,9
"Lafayette, Contra Costa",NA,NA,NA,NA,NA,NA,NA,NA,NA,NA,NA,NA,NA,NA,NA,NA,NA,NA,NA,NA,NA,15,15,16,16,16,16,16,16
"Martinez, Contra Costa",NA,NA,NA,NA,NA,NA,NA,NA,NA,NA,NA,NA,NA,NA,NA,NA,NA,NA,NA,NA,NA,8,8,8,9,8,9,9,9
"Moraga, Contra Costa",NA,NA,NA,NA,NA,NA,NA,NA,NA,NA,NA,NA,NA,NA,NA,NA,NA,NA,NA,NA,NA,5,5,5,5,5,5,5,5
"Oakley, Contra Costa",NA,NA,NA,NA,NA,NA,NA,NA,NA,NA,NA,NA,NA,NA,NA,NA,NA,NA,NA,NA,NA,17,20,20,21,22,22,22,22
"Orinda, Contra Costa",NA,NA,NA,NA,NA,NA,NA,NA,NA,NA,NA,NA,NA,NA,NA,NA,NA,NA,NA,NA,NA,35,33,33,33,33,32,32,32
"Other/Unspecified, Contra Costa",NA,NA,NA,NA,NA,NA,NA,NA,NA,NA,NA,NA,NA,NA,NA,NA,NA,NA,NA,NA,NA,6,9,9,10,10,10,10,9
"Pacheco, Contra Costa",NA,NA,NA,NA,NA,NA,NA,NA,NA,NA,NA,NA,NA,NA,NA,NA,NA,NA,NA,NA,NA,5,5,5,5,4,5,5,5
"Pinole, Contra Costa",NA,NA,NA,NA,NA,NA,NA,NA,NA,NA,NA,NA,NA,NA,NA,NA,NA,NA,NA,NA,NA,4,5,7,7,7,7,7,8
"Pittsburg, Contra Costa",NA,NA,NA,NA,NA,NA,NA,NA,NA,NA,NA,NA,NA,NA,NA,NA,NA,NA,NA,NA,NA,32,33,33,36,39,41,42,44
"Pleasant Hill, Contra Costa",NA,NA,NA,NA,NA,NA,NA,NA,NA,NA,NA,NA,NA,NA,NA,NA,NA,NA,NA,NA,NA,9,10,11,11,13,16,18,20
"Richmond, Contra Costa",NA,NA,NA,NA,NA,NA,NA,NA,NA,NA,NA,NA,NA,NA,NA,NA,NA,NA,NA,NA,NA,37,39,43,46,51,50,52,52
"Rodeo, Contra Costa",NA,NA,NA,NA,NA,NA,NA,NA,NA,NA,NA,NA,NA,NA,NA,NA,NA,NA,NA,NA,NA,5,5,5,5,5,5,5,6
"San Pablo, Contra Costa",NA,NA,NA,NA,NA,NA,NA,NA,NA,NA,NA,NA,NA,NA,NA,NA,NA,NA,NA,NA,NA,25,26,25,26,26,27,27,27
"San Ramon, Contra Costa",NA,NA,NA,NA,NA,NA,NA,NA,NA,NA,NA,NA,NA,NA,NA,NA,NA,NA,NA,NA,NA,23,23,25,26,27,27,27,27
"Walnut Creek, Contra Costa",NA,NA,NA,NA,NA,NA,NA,NA,NA,NA,NA,NA,NA,NA,NA,NA,NA,NA,NA,NA,NA,27,28,28,29,31,31,31,32
"Cameron Park, Shingle Springs, Rescue, El Dorado",NA,NA,NA,NA,NA,NA,NA,NA,NA,NA,NA,NA,NA,NA,NA,NA,NA,NA,3,NA,NA,3,3,3,3,3,NA,NA,3
"Diamond Springs, El Dorado, El Dorado",NA,NA,NA,NA,NA,NA,NA,NA,NA,NA,NA,NA,NA,NA,NA,NA,NA,NA,0,NA,NA,0,0,0,0,0,NA,NA,0
"El Dorado Hills, El Dorado",NA,NA,NA,NA,NA,NA,NA,NA,NA,NA,NA,NA,NA,NA,NA,NA,NA,NA,5,NA,NA,7,10,10,11,13,NA,NA,14
"Greater Placerville, El Dorado",NA,NA,NA,NA,NA,NA,NA,NA,NA,NA,NA,NA,NA,NA,NA,NA,NA,NA,3,NA,NA,3,4,5,5,5,NA,NA,5
"Lake Tahoe Region, El Dorado",NA,NA,NA,NA,NA,NA,NA,NA,NA,NA,NA,NA,NA,NA,NA,NA,NA,NA,9,NA,NA,10,9,9,9,9,NA,NA,10
"North County, El Dorado",NA,NA,NA,NA,NA,NA,NA,NA,NA,NA,NA,NA,NA,NA,NA,NA,NA,NA,2,NA,NA,2,2,2,2,2,NA,NA,2
"Pollock Pines, Camino, Kyburz, El Dorado",NA,NA,NA,NA,NA,NA,NA,NA,NA,NA,NA,NA,NA,NA,NA,NA,NA,NA,0,NA,NA,0,0,0,0,0,NA,NA,0
"South County, El Dorado",NA,NA,NA,NA,NA,NA,NA,NA,NA,NA,NA,NA,NA,NA,NA,NA,NA,NA,0,NA,NA,0,0,0,0,0,NA,NA,0
"Bakersfield East, Kern",NA,NA,NA,NA,NA,NA,NA,NA,NA,NA,NA,NA,NA,NA,NA,NA,NA,NA,NA,NA,70,83,94,117,119,137,162,177,201
"Bakersfield West, Kern",NA,NA,NA,NA,NA,NA,NA,NA,NA,NA,NA,NA,NA,NA,NA,NA,NA,NA,NA,NA,101,107,110,123,124,129,136,143,155
"Desert, Kern",NA,NA,NA,NA,NA,NA,NA,NA,NA,NA,NA,NA,NA,NA,NA,NA,NA,NA,NA,NA,6,6,6,9,9,10,11,11,11
"Mountain, Kern",NA,NA,NA,NA,NA,NA,NA,NA,NA,NA,NA,NA,NA,NA,NA,NA,NA,NA,NA,NA,7,8,8,10,10,10,11,12,14
"Valley, Kern",NA,NA,NA,NA,NA,NA,NA,NA,NA,NA,NA,NA,NA,NA,NA,NA,NA,NA,NA,NA,39,42,43,44,44,47,49,53,54
"Alhambra, Los Angeles",2,1,1,2,3,3,3,4,5,6,8,8,10,10,11,13,13,15,17,19,21,22,24,26,26,32,33,33,34
"Arcadia, Los Angeles",1,1,2,2,2,2,2,3,4,4,6,6,8,9,9,10,12,12,13,13,14,16,17,17,17,19,20,22,22
"Beverly Hills, Los Angeles",1,1,4,4,5,7,8,12,12,13,15,21,21,24,28,35,39,45,53,60,65,65,70,71,71,71,73,74,74
"Boyle Heights, Los Angeles",5,5,5,5,5,5,5,5,5,5,7,8,8,10,11,11,15,20,28,36,37,40,42,47,47,53,55,57,58
"Carson, Los Angeles",1,1,1,1,3,3,4,6,8,9,21,21,26,28,35,39,44,55,63,69,83,93,96,104,104,113,118,118,121
"Culver City, Los Angeles",2,2,2,3,4,4,4,5,7,6,8,6,7,9,14,15,17,19,20,23,26,27,29,29,29,31,31,31,32
"Diamond Bar, Los Angeles",2,2,2,2,2,2,2,2,2,2,2,2,2,3,3,3,6,7,8,11,12,13,14,14,14,18,19,20,20
"Encino, Los Angeles",3,5,6,6,8,10,10,10,12,13,21,23,26,27,29,30,32,33,35,39,39,41,41,44,44,49,49,51,52
"Gardena, Los Angeles",1,1,1,1,1,1,1,1,1,1,4,5,6,6,7,12,14,17,20,23,30,30,37,42,42,53,63,74,74
"Glendale, Los Angeles",2,3,4,4,4,5,6,9,10,12,23,29,36,46,62,76,86,93,103,118,129,142,154,166,166,218,233,248,255
"Glendora, Los Angeles",1,NA,NA,NA,NA,NA,1,1,1,2,2,4,4,6,6,7,7,7,10,11,14,16,17,17,17,18,21,21,21
"Granada Hills, Los Angeles",3,3,3,4,4,4,4,5,5,7,8,8,8,8,9,10,14,19,21,22,27,29,36,40,40,42,44,46,47
"Inglewood, Los Angeles",2,1,1,2,2,2,3,3,5,5,12,12,14,20,26,31,37,44,55,62,69,78,85,92,92,105,112,116,121
"Koreatown, Los Angeles",1,1,1,1,1,1,2,3,5,5,7,7,10,10,13,14,18,21,26,27,32,34,38,39,39,47,50,49,49
"La Mirada, Los Angeles",2,3,3,3,3,3,3,3,3,4,5,5,6,7,7,8,9,11,11,13,15,16,16,17,17,21,21,21,22
"Lancaster, Los Angeles",1,NA,NA,NA,3,3,4,7,8,13,16,18,19,23,27,31,32,33,38,43,51,61,64,73,73,79,83,87,87
"Long Beach, Los Angeles",5,8,8,12,14,15,17,19,28,41,54,0,0,0,0,0,139,139,171,198,213,230,256,285,303,316,332,337,350
"Manhattan Beach, Los Angeles",3,4,4,5,6,7,7,9,11,17,21,22,23,27,31,40,41,43,45,46,46,48,51,52,52,53,54,54,54
"Melrose, Los Angeles",2,9,10,11,11,12,17,19,26,33,47,49,56,71,82,100,104,113,121,129,140,147,164,168,168,192,194,199,200
"Northridge, Los Angeles",1,1,1,1,1,1,1,1,2,2,4,7,8,8,8,9,12,14,17,21,23,22,25,30,30,37,41,46,48
"Pasadena, Los Angeles",2,2,2,2,3,3,3,6,6,7,10,0,0,0,0,0,33,43,53,58,58,72,72,80,94,117,117,117,164
"San Dimas, Los Angeles",1,1,1,1,1,1,1,1,1,1,1,1,2,3,3,4,5,6,6,7,9,13,14,15,15,17,18,18,18
"San Pedro, Los Angeles",1,1,1,1,1,1,1,2,2,4,5,8,9,10,11,14,14,19,25,25,26,31,31,36,36,39,43,45,50
"Santa Clarita and Stevenson Ranch, Los Angeles",3,NA,NA,NA,NA,NA,NA,NA,NA,NA,NA,NA,NA,NA,NA,NA,NA,NA,NA,NA,NA,NA,NA,NA,NA,NA,NA,NA,NA
"Santa Monica, Los Angeles",1,1,3,2,4,5,7,12,16,18,21,28,38,41,47,49,53,56,62,65,68,74,77,81,81,88,90,92,92
"Sherman Oaks, Los Angeles",2,2,4,5,6,7,7,8,10,12,17,21,25,27,32,33,37,43,46,52,56,57,61,64,64,72,76,79,80
"Silver Lake, Los Angeles",1,1,1,NA,NA,3,3,4,5,6,11,12,14,16,18,20,25,25,38,46,55,58,61,64,64,71,74,76,78
"South Pasadena, Los Angeles",1,1,1,1,2,2,3,3,3,3,4,3,3,5,5,6,7,7,7,9,10,10,11,11,11,12,15,15,17
"Tarzana, Los Angeles",5,5,5,5,6,7,8,8,9,9,14,17,19,23,24,26,29,29,30,33,37,37,38,38,38,44,44,44,44
"Torrance, Los Angeles",2,1,2,2,2,2,3,4,5,9,14,21,32,34,43,53,63,69,76,85,86,92,101,111,111,125,140,143,145
"Venice, Los Angeles",1,2,4,4,4,6,7,7,8,9,11,11,13,17,18,18,18,20,20,20,25,26,28,29,29,34,35,35,35
"West Adams, Los Angeles",1,1,1,1,1,2,1,1,3,4,6,6,7,7,9,12,14,15,16,20,21,25,26,30,30,34,41,42,44
"West Hills, Los Angeles",3,3,3,3,3,4,4,4,4,4,4,5,5,6,7,10,10,11,12,15,18,18,19,21,21,21,23,23,23
"West Hollywood, Los Angeles",5,8,11,12,15,18,19,23,31,31,35,42,50,52,53,56,64,68,73,81,83,86,96,98,98,101,102,102,102
"West Vernon, Los Angeles",1,1,1,1,1,2,2,2,4,5,6,6,8,8,9,13,15,17,22,26,27,33,42,50,50,53,58,61,65
"Westchester, Los Angeles",1,2,2,3,3,3,3,3,3,5,7,8,12,17,17,17,18,18,22,23,24,25,25,28,28,31,32,32,32
"Altadena, Los Angeles",NA,1,NA,NA,2,3,3,5,5,5,6,9,10,10,10,12,14,16,16,18,25,26,28,31,31,34,37,37,37
"Baldwin Hills, Los Angeles",NA,1,1,1,1,2,3,3,3,3,4,5,7,9,9,11,13,13,14,18,20,21,24,26,26,28,30,31,33
"Brentwood, Los Angeles",NA,1,2,13,16,18,23,27,31,34,42,30,31,33,34,36,39,42,44,46,49,49,49,52,52,53,53,53,54
"Eagle Rock, Los Angeles",NA,1,1,1,1,1,1,2,2,2,3,4,8,8,8,10,11,13,14,18,21,22,25,29,29,34,34,35,36
"Lynwood, Los Angeles",NA,1,1,1,1,1,2,2,2,3,6,8,13,14,16,18,20,21,23,28,37,43,47,51,51,64,68,68,73
"Mar Vista, Los Angeles",NA,1,1,1,3,4,5,6,6,6,8,8,8,9,13,13,18,21,23,24,25,26,28,31,31,34,34,34,34
"Monterey Park, Los Angeles",NA,1,2,2,2,3,3,3,3,4,4,4,5,5,5,7,9,11,12,15,15,19,21,23,23,29,30,31,33
"North Hollywood, Los Angeles",NA,1,2,3,5,5,5,9,10,11,15,18,26,30,34,39,45,57,67,86,91,90,98,103,103,113,119,121,127
"Santa Clarita, Los Angeles",NA,2,2,3,4,4,4,7,7,10,16,24,32,38,41,48,50,65,78,89,102,106,112,122,122,130,135,143,150
"Woodland Hills, Los Angeles",NA,2,3,3,4,5,5,7,8,11,14,14,18,19,22,25,29,33,36,43,47,53,54,55,55,62,67,68,69
"Century Palms/Cove, Los Angeles",NA,NA,1,NA,1,1,1,1,1,3,3,3,5,8,8,10,11,11,13,15,17,19,21,21,21,26,28,28,30
"Hollywood, Los Angeles",NA,NA,5,5,7,12,12,14,19,23,27,30,38,44,49,61,67,71,73,84,96,100,104,109,109,110,114,115,117
"Hollywood Hills, Los Angeles",NA,NA,2,2,2,2,5,7,8,8,17,19,23,24,26,29,32,34,36,37,39,39,42,43,43,46,46,46,46
"Sylmar, Los Angeles",NA,NA,1,1,1,1,1,1,1,1,2,4,8,15,18,25,30,35,42,52,61,70,81,86,86,91,97,105,107
"Walnut, Los Angeles",NA,NA,1,1,2,1,1,1,1,1,1,1,2,3,3,3,4,4,6,7,8,9,9,10,10,12,13,13,13
"West Los Angeles, Los Angeles",NA,NA,1,2,3,3,3,4,4,4,5,9,13,18,19,20,22,24,25,27,29,31,32,35,35,34,34,34,34
"Beverlywood, Los Angeles",NA,NA,NA,2,2,5,6,7,7,8,10,8,10,11,11,13,15,15,16,16,17,17,18,19,19,19,20,20,20
"Burbank, Los Angeles",NA,NA,NA,1,1,1,2,2,2,3,6,7,17,19,21,27,39,41,50,61,70,77,79,83,83,96,100,102,103
"Calabasas, Los Angeles",NA,NA,NA,1,1,1,2,3,4,4,5,7,10,10,11,13,13,13,16,16,20,20,20,20,20,23,23,23,25
"Castaic, Los Angeles",NA,NA,NA,1,1,1,1,1,2,2,2,3,4,4,3,3,3,4,4,5,5,6,6,6,6,8,8,9,9
"Century City, Los Angeles",NA,NA,NA,5,4,4,4,4,6,7,9,6,8,8,9,13,17,17,19,21,23,23,23,23,23,24,27,27,27
"Covina, Los Angeles",NA,NA,NA,1,1,1,1,1,3,3,4,3,3,6,8,7,9,11,11,14,18,22,24,28,28,35,38,43,46
"Crestview, Los Angeles",NA,NA,NA,1,1,4,5,6,7,7,9,7,9,11,13,13,15,17,20,20,23,29,31,31,31,35,40,42,43
"East Los Angeles, Los Angeles",NA,NA,NA,1,1,1,2,2,3,3,4,6,8,9,11,14,16,23,28,40,44,51,56,64,64,75,86,91,95
"Echo Park, Los Angeles",NA,NA,NA,1,1,1,1,2,2,4,7,1,1,1,5,5,6,6,8,8,9,9,9,9,9,10,10,9,9
"Hancock Park, Los Angeles",NA,NA,NA,2,2,4,5,6,7,8,10,14,17,18,26,30,33,34,33,37,38,39,45,45,45,45,46,46,47
"Hawthorne, Los Angeles",NA,NA,NA,1,2,2,2,3,6,8,9,7,11,11,13,19,22,26,30,32,39,44,49,55,55,64,68,70,74
"Lawndale, Los Angeles",NA,NA,NA,1,1,1,1,2,2,1,2,2,3,4,4,6,7,8,10,10,13,16,20,22,22,24,25,25,27
"Lomita, Los Angeles",NA,NA,NA,5,5,7,8,8,9,9,12,0,1,1,1,1,1,1,6,7,9,11,13,13,13,18,19,21,22
"Pacific Palisades, Los Angeles",NA,NA,NA,5,6,7,7,8,9,9,12,10,11,15,18,22,23,24,25,26,26,26,30,31,31,31,31,32,32
"Palms, Los Angeles",NA,NA,NA,1,1,1,1,2,6,8,10,12,15,20,21,25,27,28,33,39,41,46,48,50,50,62,67,67,69
"Park La Brea, Los Angeles",NA,NA,NA,3,4,4,4,6,8,8,8,1,1,1,1,1,5,6,6,6,8,9,9,9,9,9,9,9,9
"Playa Vista, Los Angeles",NA,NA,NA,1,1,2,2,3,4,5,8,5,5,5,5,7,7,7,8,8,8,10,10,10,10,10,10,10,10
"Reseda, Los Angeles",NA,NA,NA,1,2,3,2,3,4,5,8,8,11,13,20,20,20,21,25,34,38,43,46,53,53,62,70,73,73
"Santa Monica Mountains, Los Angeles",NA,NA,NA,2,2,3,2,2,2,3,4,0,0,0,0,0,1,1,1,1,5,5,5,5,5,5,6,6,7
"South El Monte, Los Angeles",NA,NA,NA,1,1,1,1,1,1,3,4,0,0,0,0,0,0,0,1,1,1,1,1,1,1,1,1,1,1
"Stevenson Ranch, Los Angeles",NA,NA,NA,1,1,1,1,2,2,2,3,1,1,1,1,1,1,5,6,7,7,8,8,10,10,11,11,11,11
"Studio City, Los Angeles",NA,NA,NA,3,3,4,4,7,7,7,11,10,10,14,15,18,19,19,19,19,21,21,22,22,22,22,22,21,21
"Tujunga, Los Angeles",NA,NA,NA,1,1,1,1,1,1,1,2,2,2,3,4,5,5,5,7,8,10,12,12,13,13,15,15,15,15
"University Park, Los Angeles",NA,NA,NA,1,1,1,1,1,1,4,6,4,5,5,6,12,14,15,16,15,16,17,20,22,22,24,25,26,26
"Valley Glen, Los Angeles",NA,NA,NA,1,3,6,6,7,9,11,12,2,3,4,4,7,8,11,12,17,21,25,28,29,29,31,32,32,32
"Van Nuys, Los Angeles",NA,NA,NA,1,1,2,2,4,4,4,4,4,6,7,10,13,17,22,26,33,36,38,53,61,61,73,77,80,86
"Vermont Knolls, Los Angeles",NA,NA,NA,1,1,1,1,1,1,1,3,1,1,1,1,1,5,7,7,10,12,13,14,15,15,16,15,15,15
"Westwood, Los Angeles",NA,NA,NA,2,5,5,5,6,6,9,11,16,17,22,26,28,26,25,27,27,27,27,29,30,30,33,34,34,35
"Whittier, Los Angeles",NA,NA,NA,2,2,2,2,2,3,3,3,4,6,8,8,12,15,16,16,21,23,25,30,32,32,44,50,51,52
"Downtown, Los Angeles",NA,NA,NA,NA,1,1,1,2,3,6,7,8,9,10,11,14,15,15,17,18,19,21,20,23,23,24,26,27,27
"El Segundo, Los Angeles",NA,NA,NA,NA,1,2,1,1,2,2,2,1,1,1,1,1,1,1,5,6,7,7,8,8,8,10,11,11,11
"Lake Balboa, Los Angeles",NA,NA,NA,NA,1,1,1,2,2,2,3,3,6,8,11,11,14,16,19,20,25,26,28,30,30,31,32,33,34
"Lakewood, Los Angeles",NA,NA,NA,NA,1,1,1,1,3,4,7,8,11,12,13,16,18,21,24,28,29,32,36,37,37,40,41,41,42
"Miracle Mile, Los Angeles",NA,NA,NA,NA,1,1,4,5,7,8,13,7,8,9,10,12,12,12,13,15,17,17,18,19,19,19,19,20,20
"Redondo Beach, Los Angeles",NA,NA,NA,NA,1,2,4,5,7,9,20,23,24,29,34,39,50,54,60,62,64,67,68,73,73,81,83,84,85
"San Fernando, Los Angeles",NA,NA,NA,NA,1,1,1,1,2,3,3,0,0,1,1,1,5,5,6,8,9,12,12,16,16,18,20,22,22
"South Whittier, Los Angeles",NA,NA,NA,NA,1,1,1,2,2,3,4,3,5,5,5,7,8,9,11,13,15,17,18,22,22,25,29,29,28
"Winnetka, Los Angeles",NA,NA,NA,NA,1,1,1,1,2,3,3,3,8,9,9,10,11,15,18,25,29,35,37,39,39,43,44,44,49
"Cerritos, Los Angeles",NA,NA,NA,NA,NA,1,2,2,2,2,2,1,1,4,5,6,8,10,11,15,20,23,27,29,29,30,32,32,33
"Del Rey, Los Angeles",NA,NA,NA,NA,NA,2,2,2,3,5,9,9,10,12,14,16,17,20,22,25,27,27,29,29,29,31,32,32,33
"La Canada Flintridge, Los Angeles",NA,NA,NA,NA,NA,1,1,2,2,3,6,5,7,7,8,8,8,8,9,11,14,14,16,16,16,17,20,20,22
"La Verne, Los Angeles",NA,NA,NA,NA,NA,1,2,2,2,2,2,1,1,1,2,2,2,2,2,4,7,7,7,7,7,8,8,8,9
"Montebello, Los Angeles",NA,NA,NA,NA,NA,1,NA,NA,NA,NA,1,2,3,4,4,5,7,9,10,11,17,20,27,30,30,46,49,53,53
"Sun Valley, Los Angeles",NA,NA,NA,NA,NA,1,1,2,2,2,2,3,5,6,6,8,9,10,11,13,18,22,23,26,26,28,29,32,34
"Sunland, Los Angeles",NA,NA,NA,NA,NA,1,1,1,1,1,1,0,1,1,1,5,8,9,10,10,13,14,18,21,21,30,29,31,32
"Vermont Vista, Los Angeles",NA,NA,NA,NA,NA,1,1,1,3,3,5,2,3,5,5,6,7,7,8,11,14,14,16,18,18,21,23,24,27
"Vernon Central, Los Angeles",NA,NA,NA,NA,NA,1,1,1,1,1,1,3,3,3,4,5,5,7,8,15,21,22,24,30,30,35,39,40,41
"West Covina, Los Angeles",NA,NA,NA,NA,NA,1,1,1,1,2,4,5,5,6,7,7,7,7,8,9,12,15,16,17,17,26,35,39,40
"Westlake, Los Angeles",NA,NA,NA,NA,NA,1,1,1,1,1,1,1,2,5,7,10,13,20,23,27,31,34,37,40,40,48,55,56,64
"Athens, Los Angeles",NA,NA,NA,NA,NA,NA,1,1,1,1,3,NA,NA,NA,NA,NA,NA,NA,NA,NA,NA,NA,NA,NA,NA,NA,NA,NA,NA
"Bellflower, Los Angeles",NA,NA,NA,NA,NA,NA,1,3,3,7,8,10,12,14,17,20,23,24,26,30,32,37,39,42,42,48,50,50,50
"Canoga Park, Los Angeles",NA,NA,NA,NA,NA,NA,1,2,2,2,3,2,3,3,4,7,10,16,20,29,32,39,46,53,53,63,72,76,79
"East Hollywood, Los Angeles",NA,NA,NA,NA,NA,NA,1,1,1,1,2,3,5,6,10,13,12,12,14,16,16,18,18,23,23,37,42,45,48
"Los Feliz, Los Angeles",NA,NA,NA,NA,NA,NA,1,2,2,3,5,6,5,8,11,13,14,16,19,19,19,19,18,20,20,21,21,21,21
"Paramount, Los Angeles",NA,NA,NA,NA,NA,NA,1,2,2,3,4,5,5,6,7,8,10,13,17,19,23,26,27,28,28,36,38,38,39
"Rancho Palos Verdes, Los Angeles",NA,NA,NA,NA,NA,NA,1,1,3,5,6,7,8,8,10,13,16,20,22,27,28,33,34,35,35,36,38,39,42
"South Gate, Los Angeles",NA,NA,NA,NA,NA,NA,1,1,1,2,4,4,11,12,14,19,25,30,35,42,52,58,69,76,76,88,93,96,98
"Temple City, Los Angeles",NA,NA,NA,NA,NA,NA,1,1,1,3,6,0,1,2,1,1,1,1,3,5,9,11,11,11,11,11,12,12,12
"Wilmington, Los Angeles",NA,NA,NA,NA,NA,NA,1,3,4,4,5,5,7,10,10,12,13,13,16,19,19,20,21,22,22,28,32,33,33
"Agoura Hills, Los Angeles",NA,NA,NA,NA,NA,NA,NA,1,3,3,5,6,9,9,9,11,10,14,16,17,18,18,19,19,19,20,20,20,20
"Cloverdale/Cochran, Los Angeles",NA,NA,NA,NA,NA,NA,NA,1,2,3,3,1,1,1,1,1,5,5,8,10,10,10,10,10,10,11,11,11,12
"Compton, Los Angeles",NA,NA,NA,NA,NA,NA,NA,1,1,2,5,7,9,11,13,16,19,24,26,31,34,36,38,44,44,54,61,64,65
"Duarte, Los Angeles",NA,NA,NA,NA,NA,NA,NA,1,1,1,2,1,1,1,1,1,1,1,1,1,1,1,1,1,1,8,10,10,13
"Exposition Park, Los Angeles",NA,NA,NA,NA,NA,NA,NA,1,1,1,2,2,4,4,4,7,8,13,17,22,28,32,35,36,36,43,46,47,49
"Florence, Los Angeles",NA,NA,NA,NA,NA,NA,NA,1,1,4,7,NA,NA,NA,NA,NA,NA,NA,NA,NA,NA,NA,NA,NA,NA,NA,NA,NA,NA
"Hyde Park, Los Angeles",NA,NA,NA,NA,NA,NA,NA,1,1,1,1,2,2,4,6,7,8,10,10,11,14,14,14,15,15,16,15,15,16
"Lincoln Heights, Los Angeles",NA,NA,NA,NA,NA,NA,NA,1,1,NA,1,1,1,2,2,4,5,6,6,11,11,12,13,14,14,15,16,18,18
"Palmdale, Los Angeles",NA,NA,NA,NA,NA,NA,NA,1,2,2,2,4,6,7,9,14,18,20,27,31,37,46,53,65,65,88,89,99,102
"South Park, Los Angeles",NA,NA,NA,NA,NA,NA,NA,1,1,1,2,3,4,4,4,5,11,12,15,17,22,23,26,27,27,36,39,39,41
"Wilshire Center, Los Angeles",NA,NA,NA,NA,NA,NA,NA,1,1,2,2,4,4,5,8,8,12,15,17,19,23,27,30,33,33,40,44,46,47
"Canyon Country, Los Angeles",NA,NA,NA,NA,NA,NA,NA,NA,1,1,1,1,1,1,1,1,1,1,5,7,8,8,9,11,11,12,14,14,14
"Claremont, Los Angeles",NA,NA,NA,NA,NA,NA,NA,NA,1,1,1,1,1,1,1,2,3,3,4,3,5,6,6,8,8,10,10,12,12
"Downey, Los Angeles",NA,NA,NA,NA,NA,NA,NA,NA,1,5,10,12,18,19,25,31,37,43,47,52,68,71,79,84,84,94,100,101,102
"Harbor Gateway, Los Angeles",NA,NA,NA,NA,NA,NA,NA,NA,1,2,3,4,4,4,6,9,9,11,13,15,18,21,23,26,26,30,31,32,32
"Harvard Heights, Los Angeles",NA,NA,NA,NA,NA,NA,NA,NA,1,1,2,1,1,1,1,1,5,6,8,9,9,9,10,12,12,16,18,21,21
"Highland Park, Los Angeles",NA,NA,NA,NA,NA,NA,NA,NA,1,2,3,5,6,8,9,9,9,10,11,15,19,21,22,24,24,27,31,32,35
"La Puente, Los Angeles",NA,NA,NA,NA,NA,NA,NA,NA,1,NA,1,1,2,3,3,3,6,7,8,11,12,13,14,14,14,18,19,20,19
"Mt. Washington, Los Angeles",NA,NA,NA,NA,NA,NA,NA,NA,1,2,3,1,1,1,1,1,1,1,6,8,8,9,10,11,11,12,13,13,13
"Norwalk, Los Angeles",NA,NA,NA,NA,NA,NA,NA,NA,1,2,9,9,12,12,15,21,21,26,30,38,49,50,55,58,58,69,74,76,79
"Pico, Los Angeles",NA,NA,NA,NA,NA,NA,NA,NA,1,2,5,NA,NA,NA,NA,NA,NA,NA,NA,NA,NA,NA,NA,NA,NA,NA,NA,NA,NA
"Pico Rivera, Los Angeles",NA,NA,NA,NA,NA,NA,NA,NA,1,1,2,2,5,5,6,9,14,15,17,27,31,32,39,43,43,52,57,57,60
"Porter Ranch, Los Angeles",NA,NA,NA,NA,NA,NA,NA,NA,1,1,2,2,3,6,6,8,8,12,12,16,21,20,24,24,24,28,28,28,28
"San Gabriel, Los Angeles",NA,NA,NA,NA,NA,NA,NA,NA,1,1,3,5,6,6,6,6,6,7,7,7,10,11,13,12,12,13,13,13,14
"Wholesale District, Los Angeles",NA,NA,NA,NA,NA,NA,NA,NA,1,4,6,8,11,12,10,10,10,12,13,13,12,14,14,16,16,17,17,18,18
"Willowbrook, Los Angeles",NA,NA,NA,NA,NA,NA,NA,NA,1,1,1,1,1,1,2,2,5,6,8,10,12,14,15,19,19,20,21,21,21
"Arleta, Los Angeles",NA,NA,NA,NA,NA,NA,NA,NA,NA,1,2,2,4,5,5,7,7,7,10,13,15,17,20,20,20,23,24,24,26
"Bell Gardens, Los Angeles",NA,NA,NA,NA,NA,NA,NA,NA,NA,3,3,1,1,1,2,4,5,5,8,10,12,11,12,17,17,23,26,28,33
"Crenshaw District, Los Angeles",NA,NA,NA,NA,NA,NA,NA,NA,NA,2,2,1,1,1,1,1,5,7,7,8,9,9,9,12,12,13,16,16,17
"Panorama City, Los Angeles",NA,NA,NA,NA,NA,NA,NA,NA,NA,1,4,4,4,6,7,7,11,16,19,27,33,38,49,51,51,58,60,65,69
"Pomona, Los Angeles",NA,NA,NA,NA,NA,NA,NA,NA,NA,1,3,4,4,4,5,10,13,15,22,24,24,30,35,40,40,45,47,48,49
"Valinda, Los Angeles",NA,NA,NA,NA,NA,NA,NA,NA,NA,1,1,1,1,1,1,1,1,1,1,5,6,7,7,7,7,8,8,8,10
"Watts, Los Angeles",NA,NA,NA,NA,NA,NA,NA,NA,NA,1,1,1,1,2,2,7,7,11,12,14,15,16,19,20,20,24,27,27,29
"Azusa, Los Angeles",NA,NA,NA,NA,NA,NA,NA,NA,NA,NA,1,1,1,2,3,5,7,8,8,8,13,13,14,14,14,18,19,20,20
"Bell, Los Angeles",NA,NA,NA,NA,NA,NA,NA,NA,NA,NA,2,4,5,6,11,12,12,14,14,16,20,22,24,28,28,35,37,37,41
"Chatsworth, Los Angeles",NA,NA,NA,NA,NA,NA,NA,NA,NA,NA,1,3,4,8,10,14,18,20,19,21,24,27,28,30,30,35,36,36,37
"Glassell Park, Los Angeles",NA,NA,NA,NA,NA,NA,NA,NA,NA,NA,2,4,7,7,8,11,16,18,22,28,30,33,39,44,44,52,54,56,57
"Hacienda Heights, Los Angeles",NA,NA,NA,NA,NA,NA,NA,NA,NA,NA,2,2,2,2,2,5,8,12,12,13,17,19,22,23,23,27,28,30,30
"Harbor City, Los Angeles",NA,NA,NA,NA,NA,NA,NA,NA,NA,NA,1,1,1,2,4,5,7,8,15,18,19,20,21,21,21,23,23,24,24
"Leimert Park, Los Angeles",NA,NA,NA,NA,NA,NA,NA,NA,NA,NA,2,1,1,1,1,1,7,10,12,15,17,18,20,21,21,23,24,24,25
"Little Bangladesh, Los Angeles",NA,NA,NA,NA,NA,NA,NA,NA,NA,NA,1,2,2,4,5,5,8,9,11,14,16,18,22,26,26,28,30,31,32
"Maywood, Los Angeles",NA,NA,NA,NA,NA,NA,NA,NA,NA,NA,1,1,2,4,5,6,8,10,10,14,15,17,20,20,20,25,26,26,26
"Monrovia, Los Angeles",NA,NA,NA,NA,NA,NA,NA,NA,NA,NA,2,4,4,4,4,5,7,7,8,9,11,12,13,13,13,12,13,13,14
"North Hills, Los Angeles",NA,NA,NA,NA,NA,NA,NA,NA,NA,NA,1,1,2,6,7,9,11,13,16,21,22,28,31,33,33,39,41,45,48
"Pacoima, Los Angeles",NA,NA,NA,NA,NA,NA,NA,NA,NA,NA,1,2,3,3,4,5,7,8,16,22,30,31,39,44,44,49,52,54,57
"West Whittier/Los Nietos, Los Angeles",NA,NA,NA,NA,NA,NA,NA,NA,NA,NA,1,0,0,0,0,0,1,2,3,7,8,8,8,10,10,10,11,11,11
"Acton, Los Angeles",NA,NA,NA,NA,NA,NA,NA,NA,NA,NA,NA,0,0,0,0,0,0,1,1,1,1,1,1,1,1,5,5,5,1
"Adams-Normandie, Los Angeles",NA,NA,NA,NA,NA,NA,NA,NA,NA,NA,NA,1,1,1,1,5,8,8,12,11,13,13,13,15,15,15,15,15,15
"Agua Dulce, Los Angeles",NA,NA,NA,NA,NA,NA,NA,NA,NA,NA,NA,0,0,0,0,0,0,0,0,0,1,1,1,1,1,1,1,1,1
"Alsace, Los Angeles",NA,NA,NA,NA,NA,NA,NA,NA,NA,NA,NA,1,1,1,1,1,1,1,1,1,1,1,1,5,5,5,6,6,6
"Anaverde, Los Angeles",NA,NA,NA,NA,NA,NA,NA,NA,NA,NA,NA,0,0,0,0,0,0,0,0,0,0,0,0,0,0,0,0,0,0
"Angeles National Forest, Los Angeles",NA,NA,NA,NA,NA,NA,NA,NA,NA,NA,NA,0,0,0,0,0,0,0,0,0,0,0,0,0,0,0,0,0,0
"Angelino Heights, Los Angeles",NA,NA,NA,NA,NA,NA,NA,NA,NA,NA,NA,0,0,0,0,0,0,0,0,0,0,0,0,0,0,1,1,1,1
"Artesia, Los Angeles",NA,NA,NA,NA,NA,NA,NA,NA,NA,NA,NA,1,1,1,1,1,1,1,1,1,1,1,1,1,1,1,5,5,5
"Athens Village, Los Angeles",NA,NA,NA,NA,NA,NA,NA,NA,NA,NA,NA,0,0,0,0,1,1,1,1,1,1,1,1,5,5,5,6,6,6
"Athens-Westmont, Los Angeles",NA,NA,NA,NA,NA,NA,NA,NA,NA,NA,NA,5,7,7,7,11,13,15,17,22,22,23,25,27,27,34,35,36,35
"Atwater Village, Los Angeles",NA,NA,NA,NA,NA,NA,NA,NA,NA,NA,NA,0,1,1,1,1,1,1,1,1,6,7,8,9,9,8,8,8,9
"Avalon, Los Angeles",NA,NA,NA,NA,NA,NA,NA,NA,NA,NA,NA,0,0,0,0,0,0,0,0,0,0,0,0,0,0,0,0,0,0
"Avocado Heights, Los Angeles",NA,NA,NA,NA,NA,NA,NA,NA,NA,NA,NA,0,0,0,0,0,0,0,0,0,0,0,0,0,0,1,1,1,1
"Baldwin Park, Los Angeles",NA,NA,NA,NA,NA,NA,NA,NA,NA,NA,NA,0,0,0,0,2,3,5,7,9,10,11,11,12,12,18,22,25,28
"Bassett, Los Angeles",NA,NA,NA,NA,NA,NA,NA,NA,NA,NA,NA,0,0,0,0,0,0,0,0,0,1,1,1,1,1,1,1,1,1
"Bel Air, Los Angeles",NA,NA,NA,NA,NA,NA,NA,NA,NA,NA,NA,6,8,9,9,11,12,12,13,15,18,18,20,20,20,21,21,21,21
"Beverly Crest, Los Angeles",NA,NA,NA,NA,NA,NA,NA,NA,NA,NA,NA,14,17,18,19,20,22,23,23,24,25,25,26,26,26,26,26,26,26
"Bouquet Canyon, Los Angeles",NA,NA,NA,NA,NA,NA,NA,NA,NA,NA,NA,0,0,0,0,0,0,0,0,0,0,0,0,0,0,1,1,1,1
"Bradbury, Los Angeles",NA,NA,NA,NA,NA,NA,NA,NA,NA,NA,NA,0,0,0,0,0,0,0,0,0,0,0,0,0,0,0,0,0,0
"Brookside, Los Angeles",NA,NA,NA,NA,NA,NA,NA,NA,NA,NA,NA,0,0,0,0,0,0,0,0,0,0,0,0,0,0,0,0,0,0
"Cadillac-Corning, Los Angeles",NA,NA,NA,NA,NA,NA,NA,NA,NA,NA,NA,0,0,0,1,1,1,1,1,1,1,1,1,1,1,1,5,5,6
"Carthay, Los Angeles",NA,NA,NA,NA,NA,NA,NA,NA,NA,NA,NA,7,9,13,15,16,17,17,24,24,26,28,27,28,28,28,29,30,30
"Central, Los Angeles",NA,NA,NA,NA,NA,NA,NA,NA,NA,NA,NA,2,3,4,6,11,13,16,18,20,24,24,33,32,32,36,39,39,41
"Cheviot Hills, Los Angeles",NA,NA,NA,NA,NA,NA,NA,NA,NA,NA,NA,1,1,1,5,6,8,9,10,10,10,11,11,11,11,11,11,11,11
"Chinatown, Los Angeles",NA,NA,NA,NA,NA,NA,NA,NA,NA,NA,NA,0,0,0,0,1,1,1,1,1,1,1,1,1,1,1,1,1,1
"Commerce, Los Angeles",NA,NA,NA,NA,NA,NA,NA,NA,NA,NA,NA,0,0,0,1,1,1,0,0,0,0,0,0,0,0,1,1,1,1
"Country Club Park, Los Angeles",NA,NA,NA,NA,NA,NA,NA,NA,NA,NA,NA,1,1,1,1,5,8,9,9,10,12,14,15,16,16,21,22,23,25
"Covina (Charter Oak), Los Angeles",NA,NA,NA,NA,NA,NA,NA,NA,NA,NA,NA,0,0,0,0,0,1,1,1,1,1,5,5,5,5,6,7,7,9
"Cudahy, Los Angeles",NA,NA,NA,NA,NA,NA,NA,NA,NA,NA,NA,1,1,1,1,1,8,9,10,12,15,16,18,19,19,20,21,21,21
"Del Aire, Los Angeles",NA,NA,NA,NA,NA,NA,NA,NA,NA,NA,NA,0,0,0,1,1,1,1,1,1,1,5,5,5,5,5,5,5,5
"Del Sur, Los Angeles",NA,NA,NA,NA,NA,NA,NA,NA,NA,NA,NA,0,0,0,0,0,0,0,0,0,0,0,0,0,0,0,0,0,1
"Desert View Highlands, Los Angeles",NA,NA,NA,NA,NA,NA,NA,NA,NA,NA,NA,0,0,0,0,0,0,0,0,0,0,1,1,1,1,1,1,1,1
"East Covina, Los Angeles",NA,NA,NA,NA,NA,NA,NA,NA,NA,NA,NA,0,0,0,0,0,0,0,0,0,0,0,0,0,0,0,0,0,0
"East La Mirada, Los Angeles",NA,NA,NA,NA,NA,NA,NA,NA,NA,NA,NA,0,0,0,0,1,1,1,1,1,1,1,1,1,1,1,1,1,1
"East Lancaster, Los Angeles",NA,NA,NA,NA,NA,NA,NA,NA,NA,NA,NA,0,0,0,0,0,0,0,0,0,0,0,0,0,0,0,0,0,0
"East Pasadena, Los Angeles",NA,NA,NA,NA,NA,NA,NA,NA,NA,NA,NA,0,0,0,0,0,0,0,0,0,0,0,0,0,0,0,0,0,0
"East Rancho Dominguez, Los Angeles",NA,NA,NA,NA,NA,NA,NA,NA,NA,NA,NA,0,0,0,0,0,1,1,1,1,6,6,7,8,8,9,10,10,10
"East Whittier, Los Angeles",NA,NA,NA,NA,NA,NA,NA,NA,NA,NA,NA,1,1,1,1,1,1,1,1,1,1,1,1,1,1,1,1,1,1
"El Camino Village, Los Angeles",NA,NA,NA,NA,NA,NA,NA,NA,NA,NA,NA,0,0,0,0,0,1,1,1,1,1,1,1,1,1,1,1,1,1
"El Monte, Los Angeles",NA,NA,NA,NA,NA,NA,NA,NA,NA,NA,NA,0,0,0,1,4,6,7,10,12,18,21,22,23,23,26,28,28,28
"El Sereno, Los Angeles",NA,NA,NA,NA,NA,NA,NA,NA,NA,NA,NA,0,1,3,3,3,4,9,12,16,18,20,22,24,24,35,35,35,37
"Elizabeth Lake, Los Angeles",NA,NA,NA,NA,NA,NA,NA,NA,NA,NA,NA,0,0,0,0,0,0,0,0,0,0,0,0,0,0,0,0,0,0
"Elysian Park, Los Angeles",NA,NA,NA,NA,NA,NA,NA,NA,NA,NA,NA,1,1,1,1,1,1,1,5,5,5,5,5,5,5,5,5,5,5
"Elysian Valley, Los Angeles",NA,NA,NA,NA,NA,NA,NA,NA,NA,NA,NA,1,1,1,1,1,1,1,1,1,1,1,1,6,6,8,8,8,8
"Exposition, Los Angeles",NA,NA,NA,NA,NA,NA,NA,NA,NA,NA,NA,0,0,0,0,0,0,0,0,0,0,0,0,0,0,0,0,0,0
"Faircrest Heights, Los Angeles",NA,NA,NA,NA,NA,NA,NA,NA,NA,NA,NA,0,0,0,0,0,1,1,1,1,1,1,1,1,1,1,1,1,1
"Figueroa Park Square, Los Angeles",NA,NA,NA,NA,NA,NA,NA,NA,NA,NA,NA,0,0,0,0,0,0,0,0,1,1,5,6,6,6,7,7,7,7
"Florence-Firestone, Los Angeles",NA,NA,NA,NA,NA,NA,NA,NA,NA,NA,NA,3,6,6,7,12,14,18,20,22,28,29,33,36,36,42,45,45,47
"Gramercy Place, Los Angeles",NA,NA,NA,NA,NA,NA,NA,NA,NA,NA,NA,1,1,1,1,1,1,5,6,7,7,7,7,7,7,8,10,10,10
"Green Meadows, Los Angeles",NA,NA,NA,NA,NA,NA,NA,NA,NA,NA,NA,1,1,1,1,7,8,8,9,10,10,10,12,11,11,14,14,14,14
"Harbor Pines, Los Angeles",NA,NA,NA,NA,NA,NA,NA,NA,NA,NA,NA,0,0,0,0,0,0,0,0,0,0,0,0,0,0,0,0,0,0
"Harvard Park, Los Angeles",NA,NA,NA,NA,NA,NA,NA,NA,NA,NA,NA,1,2,2,3,4,4,5,8,12,16,19,18,22,22,24,25,25,27
"Hawaiian Gardens, Los Angeles",NA,NA,NA,NA,NA,NA,NA,NA,NA,NA,NA,1,1,1,1,1,1,1,1,1,1,1,1,1,1,1,1,1,1
"Hermosa Beach, Los Angeles",NA,NA,NA,NA,NA,NA,NA,NA,NA,NA,NA,1,1,6,7,9,12,15,17,17,17,18,18,18,18,17,17,17,17
"Hi Vista, Los Angeles",NA,NA,NA,NA,NA,NA,NA,NA,NA,NA,NA,0,0,0,0,0,0,0,0,0,0,0,0,0,0,0,0,0,0
"Hidden Hills, Los Angeles",NA,NA,NA,NA,NA,NA,NA,NA,NA,NA,NA,0,0,0,0,0,0,0,0,0,0,0,0,0,0,0,0,0,0
"Historic Filipinotown, Los Angeles",NA,NA,NA,NA,NA,NA,NA,NA,NA,NA,NA,0,0,0,0,0,5,6,6,7,8,9,11,12,12,19,18,19,19
"Huntington Park, Los Angeles",NA,NA,NA,NA,NA,NA,NA,NA,NA,NA,NA,0,2,2,4,11,13,15,16,20,26,29,33,36,36,39,41,42,43
"Industry, Los Angeles",NA,NA,NA,NA,NA,NA,NA,NA,NA,NA,NA,0,0,0,0,0,0,0,0,0,1,1,1,1,1,1,1,1,1
"Irwindale, Los Angeles",NA,NA,NA,NA,NA,NA,NA,NA,NA,NA,NA,0,0,0,0,0,0,0,0,0,0,0,0,0,0,0,0,0,0
"Jefferson Park, Los Angeles",NA,NA,NA,NA,NA,NA,NA,NA,NA,NA,NA,0,0,0,0,0,0,0,0,0,1,1,1,1,1,1,1,1,1
"Kagel/Lopez Canyons, Los Angeles",NA,NA,NA,NA,NA,NA,NA,NA,NA,NA,NA,0,0,0,0,0,0,0,0,0,0,0,0,0,0,0,0,1,1
"La Crescenta-Montrose, Los Angeles",NA,NA,NA,NA,NA,NA,NA,NA,NA,NA,NA,0,0,0,0,0,1,1,1,1,5,6,7,10,10,10,10,10,10
"La Habra Heights, Los Angeles",NA,NA,NA,NA,NA,NA,NA,NA,NA,NA,NA,1,0,0,0,0,0,0,0,0,0,0,0,1,1,1,1,1,1
"La Rambla, Los Angeles",NA,NA,NA,NA,NA,NA,NA,NA,NA,NA,NA,1,1,1,1,1,1,1,1,1,1,1,1,1,1,1,1,6,6
"Ladera Heights, Los Angeles",NA,NA,NA,NA,NA,NA,NA,NA,NA,NA,NA,0,0,1,1,5,5,6,7,8,10,10,12,12,12,12,13,13,14
"Lafayette Square, Los Angeles",NA,NA,NA,NA,NA,NA,NA,NA,NA,NA,NA,1,1,1,1,1,1,1,1,1,5,5,5,6,6,6,7,7,7
"Lake Hughes, Los Angeles",NA,NA,NA,NA,NA,NA,NA,NA,NA,NA,NA,0,0,0,0,0,0,0,0,0,0,0,0,0,0,0,0,0,0
"Lake Los Angeles, Los Angeles",NA,NA,NA,NA,NA,NA,NA,NA,NA,NA,NA,0,0,0,0,0,0,1,1,1,1,1,1,1,1,1,1,1,1
"Lake Manor, Los Angeles",NA,NA,NA,NA,NA,NA,NA,NA,NA,NA,NA,0,0,0,0,0,0,0,0,0,1,1,1,1,1,1,1,1,1
"Lakeview Terrace, Los Angeles",NA,NA,NA,NA,NA,NA,NA,NA,NA,NA,NA,1,1,1,1,5,6,8,9,9,10,10,14,14,14,16,16,16,16
"Lennox, Los Angeles",NA,NA,NA,NA,NA,NA,NA,NA,NA,NA,NA,1,1,5,7,8,8,9,10,12,15,16,16,17,17,18,18,18,18
"Leona Valley, Los Angeles",NA,NA,NA,NA,NA,NA,NA,NA,NA,NA,NA,0,0,0,0,0,0,0,0,0,0,0,0,0,0,0,0,0,0
"Little Armenia, Los Angeles",NA,NA,NA,NA,NA,NA,NA,NA,NA,NA,NA,0,0,0,0,1,1,1,9,12,16,19,19,22,22,29,34,35,41
"Little Tokyo, Los Angeles",NA,NA,NA,NA,NA,NA,NA,NA,NA,NA,NA,0,0,1,1,1,1,1,1,1,1,1,1,1,1,1,1,1,1
"Littlerock, Los Angeles",NA,NA,NA,NA,NA,NA,NA,NA,NA,NA,NA,0,0,0,0,0,0,0,0,0,0,0,0,0,0,0,0,0,0
"Littlerock/Juniper Hills, Los Angeles",NA,NA,NA,NA,NA,NA,NA,NA,NA,NA,NA,0,0,0,0,0,0,0,0,0,0,0,0,0,0,1,1,1,1
"Littlerock/Pearblossom, Los Angeles",NA,NA,NA,NA,NA,NA,NA,NA,NA,NA,NA,0,0,0,0,0,0,0,0,0,1,1,1,1,1,1,1,1,1
"Llano, Los Angeles",NA,NA,NA,NA,NA,NA,NA,NA,NA,NA,NA,0,0,0,0,0,0,0,0,0,0,0,0,0,0,0,0,0,0
"Longwood, Los Angeles",NA,NA,NA,NA,NA,NA,NA,NA,NA,NA,NA,0,0,0,1,1,1,1,1,1,1,1,1,1,1,1,1,1,1
"Malibu, Los Angeles",NA,NA,NA,NA,NA,NA,NA,NA,NA,NA,NA,1,1,1,1,1,1,5,7,8,8,9,9,10,10,14,15,16,16
"Manchester Square, Los Angeles",NA,NA,NA,NA,NA,NA,NA,NA,NA,NA,NA,1,1,1,1,1,1,1,1,1,1,1,1,1,1,1,1,1,1
"Mandeville Canyon, Los Angeles",NA,NA,NA,NA,NA,NA,NA,NA,NA,NA,NA,1,1,1,1,1,1,1,1,1,1,1,1,1,1,1,1,1,1
"Marina Peninsula, Los Angeles",NA,NA,NA,NA,NA,NA,NA,NA,NA,NA,NA,1,1,1,1,1,6,6,6,6,6,7,8,8,8,8,8,8,8
"Marina del Rey, Los Angeles",NA,NA,NA,NA,NA,NA,NA,NA,NA,NA,NA,1,1,1,1,5,5,5,5,5,5,5,5,5,5,6,6,6,6
"Mid-city, Los Angeles",NA,NA,NA,NA,NA,NA,NA,NA,NA,NA,NA,8,8,9,10,11,13,14,16,17,21,22,21,21,21,23,24,24,24
"Mission Hills, Los Angeles",NA,NA,NA,NA,NA,NA,NA,NA,NA,NA,NA,1,5,5,6,6,6,6,8,11,12,12,12,13,13,16,20,21,21
"Newhall, Los Angeles",NA,NA,NA,NA,NA,NA,NA,NA,NA,NA,NA,0,0,0,0,0,0,0,0,0,0,0,0,0,0,0,0,0,0
"North Lancaster, Los Angeles",NA,NA,NA,NA,NA,NA,NA,NA,NA,NA,NA,0,0,0,0,0,0,0,0,0,0,0,0,0,0,0,0,0,0
"North Whittier, Los Angeles",NA,NA,NA,NA,NA,NA,NA,NA,NA,NA,NA,0,0,0,1,1,1,1,1,1,1,1,1,1,1,1,1,1,1
"Northeast San Gabriel, Los Angeles",NA,NA,NA,NA,NA,NA,NA,NA,NA,NA,NA,0,0,0,0,0,1,1,1,1,1,1,5,5,5,6,6,6,6
"Padua Hills, Los Angeles",NA,NA,NA,NA,NA,NA,NA,NA,NA,NA,NA,0,0,0,0,0,0,0,0,0,0,0,0,NA,NA,NA,NA,NA,NA
"Palisades Highlands, Los Angeles",NA,NA,NA,NA,NA,NA,NA,NA,NA,NA,NA,0,0,1,1,1,1,1,1,1,1,1,1,1,1,1,1,1,1
"Palos Verdes Estates, Los Angeles",NA,NA,NA,NA,NA,NA,NA,NA,NA,NA,NA,12,14,14,14,14,15,18,19,21,23,25,28,30,30,32,32,35,36
"Palos Verdes Peninsula, Los Angeles",NA,NA,NA,NA,NA,NA,NA,NA,NA,NA,NA,0,0,0,0,0,0,0,0,0,0,0,0,0,0,0,0,0,0
"Pearblossom/Llano, Los Angeles",NA,NA,NA,NA,NA,NA,NA,NA,NA,NA,NA,0,0,0,0,0,0,0,0,0,0,0,0,0,0,0,0,0,0
"Pellissier Village, Los Angeles",NA,NA,NA,NA,NA,NA,NA,NA,NA,NA,NA,0,0,0,0,0,0,0,0,0,0,0,0,0,0,0,0,0,0
"Pico-Union, Los Angeles",NA,NA,NA,NA,NA,NA,NA,NA,NA,NA,NA,5,4,4,5,7,9,9,13,16,21,24,31,37,37,47,47,49,53
"Placerita Canyon, Los Angeles",NA,NA,NA,NA,NA,NA,NA,NA,NA,NA,NA,0,0,0,0,0,0,0,0,0,0,0,0,0,0,0,0,0,0
"Playa Del Rey, Los Angeles",NA,NA,NA,NA,NA,NA,NA,NA,NA,NA,NA,1,1,1,1,1,1,1,1,1,1,1,1,1,1,1,1,1,1
"Quartz Hill, Los Angeles",NA,NA,NA,NA,NA,NA,NA,NA,NA,NA,NA,0,0,1,1,1,1,1,1,1,1,1,1,1,1,1,5,5,8
"Rancho Dominguez, Los Angeles",NA,NA,NA,NA,NA,NA,NA,NA,NA,NA,NA,0,0,1,1,1,1,1,1,1,1,1,1,1,1,5,5,5,5
"Rancho Park, Los Angeles",NA,NA,NA,NA,NA,NA,NA,NA,NA,NA,NA,1,1,1,1,1,1,1,5,6,7,8,8,8,8,9,8,8,8
"Regent Square, Los Angeles",NA,NA,NA,NA,NA,NA,NA,NA,NA,NA,NA,0,0,0,1,1,1,1,1,1,1,1,1,1,1,1,1,1,1
"Reseda Ranch, Los Angeles",NA,NA,NA,NA,NA,NA,NA,NA,NA,NA,NA,1,1,1,1,1,1,1,1,1,1,1,1,5,5,7,9,9,9
"Reynier Village, Los Angeles",NA,NA,NA,NA,NA,NA,NA,NA,NA,NA,NA,1,1,1,1,1,1,1,1,1,1,1,1,5,5,5,5,5,5
"Rolling Hills, Los Angeles",NA,NA,NA,NA,NA,NA,NA,NA,NA,NA,NA,0,0,0,0,0,0,0,0,0,1,1,1,1,1,1,1,1,1
"Rolling Hills Estates, Los Angeles",NA,NA,NA,NA,NA,NA,NA,NA,NA,NA,NA,1,1,1,1,1,1,5,5,7,8,8,8,8,8,9,10,11,11
"Roosevelt, Los Angeles",NA,NA,NA,NA,NA,NA,NA,NA,NA,NA,NA,0,0,0,0,0,0,0,0,0,0,0,0,0,0,0,0,0,0
"Rosemead, Los Angeles",NA,NA,NA,NA,NA,NA,NA,NA,NA,NA,NA,0,1,2,2,2,3,3,5,6,8,9,10,10,10,12,15,15,15
"Rosewood, Los Angeles",NA,NA,NA,NA,NA,NA,NA,NA,NA,NA,NA,0,0,0,0,0,1,1,1,1,1,1,1,1,1,1,1,1,1
"Rosewood/East Gardena, Los Angeles",NA,NA,NA,NA,NA,NA,NA,NA,NA,NA,NA,0,0,0,0,0,0,0,0,0,0,0,0,0,0,0,0,0,0
"Rosewood/West Rancho Dominguez, Los Angeles",NA,NA,NA,NA,NA,NA,NA,NA,NA,NA,NA,0,0,0,0,0,0,0,0,0,0,0,0,0,0,1,1,1,1
"Rowland Heights, Los Angeles",NA,NA,NA,NA,NA,NA,NA,NA,NA,NA,NA,1,1,3,3,3,5,6,7,8,8,8,10,10,10,13,15,16,17
"San Jose Hills, Los Angeles",NA,NA,NA,NA,NA,NA,NA,NA,NA,NA,NA,0,0,0,0,0,0,0,0,0,0,0,1,0,0,1,1,1,1
"San Marino, Los Angeles",NA,NA,NA,NA,NA,NA,NA,NA,NA,NA,NA,1,1,1,1,1,1,1,1,5,5,5,5,5,5,5,6,6,6
"San Pasqual, Los Angeles",NA,NA,NA,NA,NA,NA,NA,NA,NA,NA,NA,0,0,0,0,0,0,0,0,0,0,0,0,0,0,0,0,0,0
"Sand Canyon, Los Angeles",NA,NA,NA,NA,NA,NA,NA,NA,NA,NA,NA,0,0,0,0,0,0,0,0,0,0,0,0,0,0,0,0,0,0
"Santa Catalina Island, Los Angeles",NA,NA,NA,NA,NA,NA,NA,NA,NA,NA,NA,0,0,0,0,0,0,0,0,1,1,1,1,1,1,1,1,1,1
"Santa Fe Springs, Los Angeles",NA,NA,NA,NA,NA,NA,NA,NA,NA,NA,NA,0,0,0,0,1,1,1,1,1,1,1,1,1,1,5,6,6,6
"Saugus, Los Angeles",NA,NA,NA,NA,NA,NA,NA,NA,NA,NA,NA,0,0,0,0,0,0,1,1,1,1,1,1,1,1,1,1,1,1
"Saugus/Canyon Country, Los Angeles",NA,NA,NA,NA,NA,NA,NA,NA,NA,NA,NA,0,0,0,0,0,0,0,0,0,0,0,0,0,0,0,0,0,0
"Shadow Hills, Los Angeles",NA,NA,NA,NA,NA,NA,NA,NA,NA,NA,NA,1,1,1,1,1,1,5,5,5,5,5,7,7,7,7,7,7,7
"Sierra Madre, Los Angeles",NA,NA,NA,NA,NA,NA,NA,NA,NA,NA,NA,0,0,0,0,1,1,1,1,1,1,1,1,1,1,1,1,1,1
"Signal Hill, Los Angeles",NA,NA,NA,NA,NA,NA,NA,NA,NA,NA,NA,1,1,1,1,1,1,1,1,1,1,1,1,1,1,1,1,1,1
"South Antelope Valley, Los Angeles",NA,NA,NA,NA,NA,NA,NA,NA,NA,NA,NA,0,0,0,0,0,0,0,0,0,0,0,0,0,0,0,0,0,0
"South Carthay, Los Angeles",NA,NA,NA,NA,NA,NA,NA,NA,NA,NA,NA,5,5,6,8,8,9,14,17,17,20,19,20,20,20,20,20,20,20
"South San Gabriel, Los Angeles",NA,NA,NA,NA,NA,NA,NA,NA,NA,NA,NA,0,0,0,0,0,5,5,5,5,5,6,6,6,6,7,7,7,7
"Southeast Antelope Valley, Los Angeles",NA,NA,NA,NA,NA,NA,NA,NA,NA,NA,NA,0,0,0,0,0,0,0,0,0,0,0,0,0,0,0,0,0,0
"St Elmo Village, Los Angeles",NA,NA,NA,NA,NA,NA,NA,NA,NA,NA,NA,0,0,0,0,0,0,0,0,0,1,1,1,1,1,1,1,1,1
"Sun Village, Los Angeles",NA,NA,NA,NA,NA,NA,NA,NA,NA,NA,NA,0,0,0,0,1,1,1,1,1,1,1,1,1,1,1,1,1,1
"Sunrise Village, Los Angeles",NA,NA,NA,NA,NA,NA,NA,NA,NA,NA,NA,0,0,0,0,0,0,0,0,0,0,0,1,1,1,1,1,1,1
"Sycamore Square, Los Angeles",NA,NA,NA,NA,NA,NA,NA,NA,NA,NA,NA,0,0,0,0,0,0,0,0,0,0,0,0,0,0,0,0,0,0
"Temple-Beaudry, Los Angeles",NA,NA,NA,NA,NA,NA,NA,NA,NA,NA,NA,5,5,5,8,10,11,12,15,18,24,27,33,37,37,48,53,53,54
"Thai Town, Los Angeles",NA,NA,NA,NA,NA,NA,NA,NA,NA,NA,NA,1,1,1,1,1,1,1,1,5,5,5,6,8,8,9,10,10,9
"Toluca Lake, Los Angeles",NA,NA,NA,NA,NA,NA,NA,NA,NA,NA,NA,1,1,1,1,1,1,1,5,6,6,6,6,6,6,7,7,7,7
"Toluca Terrace, Los Angeles",NA,NA,NA,NA,NA,NA,NA,NA,NA,NA,NA,0,0,0,0,0,0,0,0,0,0,0,0,0,0,0,0,0,0
"Toluca Woods, Los Angeles",NA,NA,NA,NA,NA,NA,NA,NA,NA,NA,NA,0,0,0,0,0,0,0,0,0,0,0,1,1,1,1,1,1,1
"Twin Lakes/Oat Mountain, Los Angeles",NA,NA,NA,NA,NA,NA,NA,NA,NA,NA,NA,0,0,0,0,0,1,1,1,1,1,1,1,1,1,1,1,1,1
"Unincorporated Azusa, Los Angeles",NA,NA,NA,NA,NA,NA,NA,NA,NA,NA,NA,0,0,0,0,0,0,1,1,1,1,1,1,1,1,1,1,1,1
"Unincorporated Covina, Los Angeles",NA,NA,NA,NA,NA,NA,NA,NA,NA,NA,NA,1,1,1,1,1,1,6,6,9,10,12,12,12,12,12,12,12,12
"Unincorporated Hawthorne, Los Angeles",NA,NA,NA,NA,NA,NA,NA,NA,NA,NA,NA,1,1,1,1,1,1,1,1,1,1,1,1,1,1,1,1,1,1
"Unincorporated La Verne, Los Angeles",NA,NA,NA,NA,NA,NA,NA,NA,NA,NA,NA,1,1,1,1,1,1,1,1,1,1,1,1,1,1,1,1,1,1
"Unincorporated Long Beach, Los Angeles",NA,NA,NA,NA,NA,NA,NA,NA,NA,NA,NA,0,0,0,0,0,0,0,0,0,0,0,0,NA,NA,NA,NA,NA,NA
"Unincorporated Monrovia, Los Angeles",NA,NA,NA,NA,NA,NA,NA,NA,NA,NA,NA,1,1,1,1,1,1,1,1,1,1,5,5,5,5,5,5,5,5
"Unincorporated West L.A., Los Angeles",NA,NA,NA,NA,NA,NA,NA,NA,NA,NA,NA,1,1,1,1,1,1,1,11,17,1,1,1,1,1,1,1,1,1
"Unincorporated Whittier, Los Angeles",NA,NA,NA,NA,NA,NA,NA,NA,NA,NA,NA,0,0,0,0,0,0,0,0,0,1,1,1,1,1,1,1,1,1
"University Hills, Los Angeles",NA,NA,NA,NA,NA,NA,NA,NA,NA,NA,NA,0,0,0,0,0,0,0,0,0,0,0,0,0,0,0,0,0,0
"Val Verde, Los Angeles",NA,NA,NA,NA,NA,NA,NA,NA,NA,NA,NA,0,0,0,0,0,0,0,0,0,0,0,0,0,0,0,0,0,0
"Valencia, Los Angeles",NA,NA,NA,NA,NA,NA,NA,NA,NA,NA,NA,1,1,1,1,1,1,1,1,1,1,1,1,1,1,1,1,1,1
"Valley Village, Los Angeles",NA,NA,NA,NA,NA,NA,NA,NA,NA,NA,NA,13,14,18,19,21,23,23,27,29,30,30,31,32,32,33,34,35,36
"Vermont Square, Los Angeles",NA,NA,NA,NA,NA,NA,NA,NA,NA,NA,NA,1,1,1,1,1,1,5,5,5,6,7,12,12,12,14,15,16,16
"Vernon, Los Angeles",NA,NA,NA,NA,NA,NA,NA,NA,NA,NA,NA,0,0,0,0,0,0,0,0,0,0,0,0,0,0,0,0,0,0
"Victoria Park, Los Angeles",NA,NA,NA,NA,NA,NA,NA,NA,NA,NA,NA,1,1,1,1,1,1,6,7,9,11,13,13,14,14,17,17,17,17
"View Heights, Los Angeles",NA,NA,NA,NA,NA,NA,NA,NA,NA,NA,NA,0,0,1,1,1,1,1,1,1,1,1,1,1,1,1,1,1,1
"View Park/Windsor Hills, Los Angeles",NA,NA,NA,NA,NA,NA,NA,NA,NA,NA,NA,0,0,0,0,0,7,7,8,11,12,13,14,14,14,14,14,16,16
"Walnut Park, Los Angeles",NA,NA,NA,NA,NA,NA,NA,NA,NA,NA,NA,0,0,0,0,0,0,1,1,1,7,8,12,13,13,18,18,20,20
"Wellington Square, Los Angeles",NA,NA,NA,NA,NA,NA,NA,NA,NA,NA,NA,0,0,0,0,0,0,0,0,0,0,0,0,0,0,1,1,1,1
"West Antelope Valley, Los Angeles",NA,NA,NA,NA,NA,NA,NA,NA,NA,NA,NA,0,0,0,0,0,1,1,1,1,1,1,1,1,1,1,1,1,1
"West Carson, Los Angeles",NA,NA,NA,NA,NA,NA,NA,NA,NA,NA,NA,5,6,7,8,9,11,11,15,18,20,20,21,23,23,28,29,29,29
"West Puente Valley, Los Angeles",NA,NA,NA,NA,NA,NA,NA,NA,NA,NA,NA,0,0,0,0,0,1,1,1,1,1,1,1,1,1,6,6,6,6
"West Rancho Dominguez, Los Angeles",NA,NA,NA,NA,NA,NA,NA,NA,NA,NA,NA,0,0,0,0,0,0,0,0,1,1,1,1,1,1,1,1,1,1
"Westfield/Academy Hills, Los Angeles",NA,NA,NA,NA,NA,NA,NA,NA,NA,NA,NA,0,0,0,0,0,0,0,0,0,0,0,0,0,0,0,0,0,0
"Westhills, Los Angeles",NA,NA,NA,NA,NA,NA,NA,NA,NA,NA,NA,0,0,0,0,0,0,0,0,0,0,0,0,0,0,0,0,0,0
"Westlake Village, Los Angeles",NA,NA,NA,NA,NA,NA,NA,NA,NA,NA,NA,0,0,0,0,1,1,1,1,1,1,1,1,5,5,6,6,6,6
"White Fence Farms, Los Angeles",NA,NA,NA,NA,NA,NA,NA,NA,NA,NA,NA,0,0,0,0,0,0,0,0,0,0,0,0,0,0,0,0,0,0
"Wiseburn, Los Angeles",NA,NA,NA,NA,NA,NA,NA,NA,NA,NA,NA,1,1,1,1,1,1,1,1,1,1,1,1,1,1,1,1,1,1
"Bandini Islands, Los Angeles",NA,NA,NA,NA,NA,NA,NA,NA,NA,NA,NA,NA,0,0,0,0,0,0,0,0,0,0,0,NA,NA,0,0,NA,0
"Charter Oak, Los Angeles",NA,NA,NA,NA,NA,NA,NA,NA,NA,NA,NA,NA,0,0,0,0,0,0,0,0,0,0,0,NA,NA,0,0,NA,0
"Franklin Canyon, Los Angeles",NA,NA,NA,NA,NA,NA,NA,NA,NA,NA,NA,NA,0,0,0,0,0,0,0,0,0,0,0,NA,NA,0,0,NA,0
"San Clemente Island, Los Angeles",NA,NA,NA,NA,NA,NA,NA,NA,NA,NA,NA,NA,0,0,0,0,0,0,0,0,0,0,0,NA,NA,0,0,NA,0
"San Francisquito Canyon/Bouquet Canyon, Los Angeles",NA,NA,NA,NA,NA,NA,NA,NA,NA,NA,NA,NA,0,0,0,0,0,0,0,0,0,0,0,0,0,0,0,0,0
"South Edwards, Los Angeles",NA,NA,NA,NA,NA,NA,NA,NA,NA,NA,NA,NA,0,0,0,0,0,0,0,0,0,0,0,NA,NA,0,0,NA,0
"Universal City, Los Angeles",NA,NA,NA,NA,NA,NA,NA,NA,NA,NA,NA,NA,0,0,0,0,0,0,0,0,0,0,0,NA,NA,0,0,NA,0
"West Chatsworth, Los Angeles",NA,NA,NA,NA,NA,NA,NA,NA,NA,NA,NA,NA,0,0,0,0,0,0,0,0,0,0,0,NA,NA,0,0,NA,0
"Whittier Narrows, Los Angeles",NA,NA,NA,NA,NA,NA,NA,NA,NA,NA,NA,NA,0,0,0,0,0,0,0,0,0,0,0,NA,NA,0,0,NA,0
"Aliso Viejo, Orange",NA,NA,NA,NA,NA,NA,NA,NA,NA,NA,NA,2,NA,3,3,4,6,8,8,8,9,9,10,11,11,11,13,13,13
"Anaheim, Orange",NA,NA,NA,NA,NA,NA,NA,NA,NA,NA,NA,28,37,41,42,46,56,60,63,74,79,92,95,104,114,128,135,146,148
"Brea, Orange",NA,NA,NA,NA,NA,NA,NA,NA,NA,NA,NA,1,3,3,3,3,4,4,4,4,4,4,4,5,7,8,10,12,12
"Buena Park, Orange",NA,NA,NA,NA,NA,NA,NA,NA,NA,NA,NA,7,12,14,15,16,19,21,22,22,25,28,30,31,35,39,42,44,43
"Costa Mesa, Orange",NA,NA,NA,NA,NA,NA,NA,NA,NA,NA,NA,8,9,11,11,10,12,14,14,18,18,20,21,21,21,22,25,26,26
"Cypress, Orange",NA,NA,NA,NA,NA,NA,NA,NA,NA,NA,NA,6,7,9,10,11,15,18,18,18,18,21,22,23,25,28,29,31,31
"Dana Point, Orange",NA,NA,NA,NA,NA,NA,NA,NA,NA,NA,NA,7,6,6,7,9,11,11,11,11,11,11,11,11,11,11,12,12,12
"Fountain Valley, Orange",NA,NA,NA,NA,NA,NA,NA,NA,NA,NA,NA,5,6,7,8,8,8,8,8,9,12,12,14,15,16,16,20,20,20
"Fullerton, Orange",NA,NA,NA,NA,NA,NA,NA,NA,NA,NA,NA,7,8,9,12,12,13,14,15,17,19,20,21,23,27,31,35,35,37
"Garden Grove, Orange",NA,NA,NA,NA,NA,NA,NA,NA,NA,NA,NA,4,7,8,8,10,12,15,18,19,21,22,24,28,30,32,36,38,37
"Huntington Beach, Orange",NA,NA,NA,NA,NA,NA,NA,NA,NA,NA,NA,26,32,33,33,32,39,44,48,55,58,62,67,73,76,78,83,87,87
"Irvine, Orange",NA,NA,NA,NA,NA,NA,NA,NA,NA,NA,NA,33,36,38,43,50,57,65,69,70,75,77,82,89,90,91,95,97,100
"La Habra, Orange",NA,NA,NA,NA,NA,NA,NA,NA,NA,NA,NA,1,2,2,2,2,5,6,8,8,13,15,17,20,22,25,29,29,29
"Laguna Niguel, Orange",NA,NA,NA,NA,NA,NA,NA,NA,NA,NA,NA,11,13,13,15,16,16,16,20,20,21,21,21,25,25,26,27,27,28
"Lake Forest, Orange",NA,NA,NA,NA,NA,NA,NA,NA,NA,NA,NA,5,7,7,9,10,11,14,15,15,16,16,14,16,17,19,23,23,23
"Mission Viejo, Orange",NA,NA,NA,NA,NA,NA,NA,NA,NA,NA,NA,6,7,7,9,9,16,16,18,22,22,22,23,27,31,33,34,34,34
"Newport Beach, Orange",NA,NA,NA,NA,NA,NA,NA,NA,NA,NA,NA,32,36,37,41,46,54,48,67,70,73,73,75,78,81,81,84,85,85
"Orange, Orange",NA,NA,NA,NA,NA,NA,NA,NA,NA,NA,NA,11,11,13,13,15,17,19,21,24,27,29,32,34,40,42,46,46,46
"Other, Orange",NA,NA,NA,NA,NA,NA,NA,NA,NA,NA,NA,27,39,40,15,16,16,NA,NA,NA,NA,NA,NA,NA,NA,NA,NA,NA,NA
"Placentia, Orange",NA,NA,NA,NA,NA,NA,NA,NA,NA,NA,NA,5,6,6,6,6,11,12,13,16,19,20,21,22,22,24,26,27,27
"Rancho Santa Margarita, Orange",NA,NA,NA,NA,NA,NA,NA,NA,NA,NA,NA,3,4,4,5,5,8,6,6,6,6,6,7,8,8,9,10,11,11
"San Clemente, Orange",NA,NA,NA,NA,NA,NA,NA,NA,NA,NA,NA,10,11,12,16,20,30,31,35,37,37,38,40,41,43,44,44,44,44
"San Juan Capistrano, Orange",NA,NA,NA,NA,NA,NA,NA,NA,NA,NA,NA,9,9,9,9,10,13,15,16,16,16,16,17,18,20,20,21,21,21
"Santa Ana, Orange",NA,NA,NA,NA,NA,NA,NA,NA,NA,NA,NA,13,20,22,22,24,36,40,43,51,58,62,65,74,78,87,102,111,114
"Seal Beach, Orange",NA,NA,NA,NA,NA,NA,NA,NA,NA,NA,NA,1,1,1,1,1,2,2,2,3,3,3,3,3,4,5,5,5,5
"Stanton, Orange",NA,NA,NA,NA,NA,NA,NA,NA,NA,NA,NA,0,1,1,1,1,1,1,1,1,1,2,2,2,2,3,5,5,5
"Tustin, Orange",NA,NA,NA,NA,NA,NA,NA,NA,NA,NA,NA,4,7,7,7,7,10,12,13,13,15,16,17,19,19,21,24,28,30
"Westminster, Orange",NA,NA,NA,NA,NA,NA,NA,NA,NA,NA,NA,5,5,6,7,7,7,7,7,9,10,13,14,14,16,19,19,20,21
"Yorba Linda, Orange",NA,NA,NA,NA,NA,NA,NA,NA,NA,NA,NA,10,12,12,NA,15,19,19,22,24,26,27,28,32,35,38,38,38,38
"Laguna Hills, Orange",NA,NA,NA,NA,NA,NA,NA,NA,NA,NA,NA,NA,NA,0,1,2,3,3,5,7,7,9,9,11,13,13,13,13,13
"La Palma, Orange",NA,NA,NA,NA,NA,NA,NA,NA,NA,NA,NA,NA,NA,NA,6,6,6,6,6,6,6,7,10,11,11,11,12,12,12
"Laguna Beach, Orange",NA,NA,NA,NA,NA,NA,NA,NA,NA,NA,NA,NA,NA,NA,22,22,25,28,29,31,32,34,34,34,35,35,35,36,37
"Laguna Woods, Orange",NA,NA,NA,NA,NA,NA,NA,NA,NA,NA,NA,NA,NA,NA,1,1,1,NA,NA,NA,NA,NA,NA,6,7,7,7,7,7
"Los Alamitos, Orange",NA,NA,NA,NA,NA,NA,NA,NA,NA,NA,NA,NA,NA,NA,1,1,1,NA,NA,NA,NA,NA,NA,NA,NA,NA,NA,NA,NA
"Villa Park, Orange",NA,NA,NA,NA,NA,NA,NA,NA,NA,NA,NA,NA,NA,NA,1,1,1,NA,NA,NA,NA,NA,NA,NA,5,5,5,5,5
"Corona Del Mar, Orange",NA,NA,NA,NA,NA,NA,NA,NA,NA,NA,NA,NA,NA,NA,NA,NA,NA,12,NA,NA,NA,NA,NA,NA,NA,NA,NA,NA,NA
"Ladera Ranch, Orange",NA,NA,NA,NA,NA,NA,NA,NA,NA,NA,NA,NA,NA,NA,NA,NA,NA,6,6,8,8,8,8,8,8,9,9,9,9
"Other/Unknown, Orange",NA,NA,NA,NA,NA,NA,NA,NA,NA,NA,NA,NA,NA,NA,NA,NA,NA,55,60,69,64,62,68,72,66,59,60,NA,NA
"Trabuco Canyon, Orange",NA,NA,NA,NA,NA,NA,NA,NA,NA,NA,NA,NA,NA,NA,NA,NA,NA,NA,NA,5,5,5,5,7,8,8,8,8,8
"Coto de Caza, Orange",NA,NA,NA,NA,NA,NA,NA,NA,NA,NA,NA,NA,NA,NA,NA,NA,NA,NA,NA,NA,NA,NA,NA,NA,NA,NA,NA,5,5
"Other/unknown, Orange",NA,NA,NA,NA,NA,NA,NA,NA,NA,NA,NA,NA,NA,NA,NA,NA,NA,NA,NA,NA,NA,NA,NA,NA,NA,NA,NA,67,60
"Banning, Riverside",NA,NA,NA,NA,NA,NA,NA,NA,NA,NA,NA,1,1,2,2,4,12,16,18,19,19,21,34,46,48,49,50,53,60
"Beaumont, Riverside",NA,NA,NA,NA,NA,NA,NA,NA,NA,NA,NA,5,5,4,8,9,10,11,12,14,16,17,18,23,24,25,25,33,35
"Blythe, Riverside",NA,NA,NA,NA,NA,NA,NA,NA,NA,NA,NA,1,1,1,2,1,1,2,2,2,2,2,2,2,2,2,2,1,1
"Calimesa, Riverside",NA,NA,NA,NA,NA,NA,NA,NA,NA,NA,NA,0,0,0,0,NA,1,1,2,2,3,3,3,3,3,3,3,5,11
"Canyon Lake, Riverside",NA,NA,NA,NA,NA,NA,NA,NA,NA,NA,NA,0,0,1,1,3,3,3,3,3,3,3,3,4,4,4,4,4,5
"Cathedral City, Riverside",NA,NA,NA,NA,NA,NA,NA,NA,NA,NA,NA,3,4,5,7,10,12,15,17,17,21,29,31,37,37,39,42,46,49
"Coachella, Riverside",NA,NA,NA,NA,NA,NA,NA,NA,NA,NA,NA,0,0,0,1,1,1,1,7,7,21,36,37,40,40,42,43,54,60
"Corona, Riverside",NA,NA,NA,NA,NA,NA,NA,NA,NA,NA,NA,12,13,16,17,21,23,27,34,34,42,47,48,52,56,58,58,70,77
"Desert Hot Springs, Riverside",NA,NA,NA,NA,NA,NA,NA,NA,NA,NA,NA,3,4,4,6,7,6,6,6,6,7,8,8,11,12,13,14,17,18
"Eastvale, Riverside",NA,NA,NA,NA,NA,NA,NA,NA,NA,NA,NA,11,11,9,16,14,16,16,22,22,25,29,29,31,31,32,35,36,36
"Hemet, Riverside",NA,NA,NA,NA,NA,NA,NA,NA,NA,NA,NA,1,1,1,4,5,7,9,14,14,16,18,19,21,23,27,31,46,59
"Indian Wells, Riverside",NA,NA,NA,NA,NA,NA,NA,NA,NA,NA,NA,0,0,2,3,5,6,6,8,8,8,8,9,9,9,9,9,10,10
"Indio, Riverside",NA,NA,NA,NA,NA,NA,NA,NA,NA,NA,NA,8,8,11,16,20,23,24,33,33,44,51,55,58,58,61,64,74,79
"Jurupa Valley, Riverside",NA,NA,NA,NA,NA,NA,NA,NA,NA,NA,NA,2,2,3,3,5,5,5,7,8,11,14,16,20,23,25,29,36,41
"La Quinta, Riverside",NA,NA,NA,NA,NA,NA,NA,NA,NA,NA,NA,4,5,8,11,14,17,18,17,18,22,24,25,28,28,28,28,29,31
"Lake Elsinore, Riverside",NA,NA,NA,NA,NA,NA,NA,NA,NA,NA,NA,4,4,5,6,10,10,12,17,18,20,23,25,34,35,42,51,58,59
"Menifee, Riverside",NA,NA,NA,NA,NA,NA,NA,NA,NA,NA,NA,8,8,6,9,13,15,17,23,25,32,35,37,41,44,49,50,60,66
"Moreno Valley, Riverside",NA,NA,NA,NA,NA,NA,NA,NA,NA,NA,NA,20,20,23,23,29,38,46,56,59,74,90,94,121,126,129,143,157,168
"Murrieta, Riverside",NA,NA,NA,NA,NA,NA,NA,NA,NA,NA,NA,11,12,8,14,14,16,22,33,33,39,44,46,47,47,49,52,56,58
"Norco, Riverside",NA,NA,NA,NA,NA,NA,NA,NA,NA,NA,NA,1,1,1,1,1,2,2,3,3,4,6,6,6,6,6,6,7,8
"Palm Desert, Riverside",NA,NA,NA,NA,NA,NA,NA,NA,NA,NA,NA,12,13,13,23,21,24,30,36,36,42,45,46,51,51,51,52,56,59
"Palm Springs, Riverside",NA,NA,NA,NA,NA,NA,NA,NA,NA,NA,NA,15,18,22,26,31,30,35,43,46,48,57,57,60,60,62,62,67,70
"Perris, Riverside",NA,NA,NA,NA,NA,NA,NA,NA,NA,NA,NA,4,4,4,8,9,13,15,18,22,31,41,42,46,46,48,49,56,61
"Rancho Mirage, Riverside",NA,NA,NA,NA,NA,NA,NA,NA,NA,NA,NA,9,9,11,13,13,13,13,15,15,18,18,18,18,18,19,19,20,22
"Riverside, Riverside",NA,NA,NA,NA,NA,NA,NA,NA,NA,NA,NA,21,21,19,29,30,33,38,52,55,63,83,96,128,198,211,223,247,266
"San Jacinto, Riverside",NA,NA,NA,NA,NA,NA,NA,NA,NA,NA,NA,0,0,1,1,1,2,2,6,7,8,9,10,10,10,10,10,13,14
"Temecula, Riverside",NA,NA,NA,NA,NA,NA,NA,NA,NA,NA,NA,16,16,14,24,21,24,26,36,38,44,46,47,54,55,56,59,66,66
"Wildomar, Riverside",NA,NA,NA,NA,NA,NA,NA,NA,NA,NA,NA,5,5,5,6,9,10,11,13,14,15,19,20,21,22,22,24,24,26
"Bermuda Dunes, Riverside",NA,NA,NA,NA,NA,NA,NA,NA,NA,NA,NA,NA,NA,NA,NA,2,2,2,2,2,2,3,3,3,3,3,3,3,3
"Cherry Valley, Riverside",NA,NA,NA,NA,NA,NA,NA,NA,NA,NA,NA,NA,NA,NA,NA,1,1,1,1,1,1,1,1,1,1,1,1,1,3
"Desert Edge, Riverside",NA,NA,NA,NA,NA,NA,NA,NA,NA,NA,NA,NA,NA,NA,NA,1,1,1,2,2,2,2,2,2,2,2,2,2,2
"Desert Palms, Riverside",NA,NA,NA,NA,NA,NA,NA,NA,NA,NA,NA,NA,NA,NA,NA,3,3,3,3,3,3,3,3,3,3,3,4,4,4
"El Cerrito, Riverside",NA,NA,NA,NA,NA,NA,NA,NA,NA,NA,NA,NA,NA,NA,NA,1,1,1,1,1,1,3,3,4,4,4,4,4,4
"El Sobrante, Riverside",NA,NA,NA,NA,NA,NA,NA,NA,NA,NA,NA,NA,NA,NA,NA,6,5,5,8,8,8,9,10,10,10,10,11,11,11
"French Valley, Riverside",NA,NA,NA,NA,NA,NA,NA,NA,NA,NA,NA,NA,NA,NA,NA,7,12,12,12,12,12,12,12,13,16,19,19,19,20
"Good Hope, Riverside",NA,NA,NA,NA,NA,NA,NA,NA,NA,NA,NA,NA,NA,NA,NA,1,1,1,2,2,2,2,4,4,5,5,7,7,7
"Green Acres, Riverside",NA,NA,NA,NA,NA,NA,NA,NA,NA,NA,NA,NA,NA,NA,NA,1,1,1,1,1,1,1,1,1,1,1,1,1,1
"Home Gardens, Riverside",NA,NA,NA,NA,NA,NA,NA,NA,NA,NA,NA,NA,NA,NA,NA,1,1,1,1,1,1,1,1,1,2,3,3,3,3
"Lakeland Village, Riverside",NA,NA,NA,NA,NA,NA,NA,NA,NA,NA,NA,NA,NA,NA,NA,1,1,NA,1,1,1,1,1,2,2,4,4,7,8
"Mead Valley, Riverside",NA,NA,NA,NA,NA,NA,NA,NA,NA,NA,NA,NA,NA,NA,NA,1,1,3,3,4,4,5,6,9,8,10,11,13,15
"Meadowbrook, Riverside",NA,NA,NA,NA,NA,NA,NA,NA,NA,NA,NA,NA,NA,NA,NA,1,0,NA,1,1,1,1,1,1,1,1,1,1,1
"Mesa Verde, Riverside",NA,NA,NA,NA,NA,NA,NA,NA,NA,NA,NA,NA,NA,NA,NA,2,2,2,2,2,2,2,2,NA,NA,NA,NA,NA,NA
"Nuevo, Riverside",NA,NA,NA,NA,NA,NA,NA,NA,NA,NA,NA,NA,NA,NA,NA,1,1,2,2,2,2,2,2,3,3,3,3,4,6
"Woodcrest, Riverside",NA,NA,NA,NA,NA,NA,NA,NA,NA,NA,NA,NA,NA,NA,NA,1,2,2,3,3,4,4,5,5,5,6,6,7,7
"Anza, Riverside",NA,NA,NA,NA,NA,NA,NA,NA,NA,NA,NA,NA,NA,NA,NA,NA,1,1,3,3,3,4,4,5,5,5,5,5,5
"Temescal Valley, Riverside",NA,NA,NA,NA,NA,NA,NA,NA,NA,NA,NA,NA,NA,NA,NA,NA,1,1,1,1,1,1,4,6,8,8,11,12,12
"East Hemet, Riverside",NA,NA,NA,NA,NA,NA,NA,NA,NA,NA,NA,NA,NA,NA,NA,NA,NA,1,1,1,2,2,2,2,2,2,2,3,3
"Mecca, Riverside",NA,NA,NA,NA,NA,NA,NA,NA,NA,NA,NA,NA,NA,NA,NA,NA,NA,1,2,2,3,3,3,4,4,4,5,7,10
"Idyllwild-Pine Cove, Riverside",NA,NA,NA,NA,NA,NA,NA,NA,NA,NA,NA,NA,NA,NA,NA,NA,NA,NA,1,1,1,2,2,3,3,3,3,3,3
"Indio Hills, Riverside",NA,NA,NA,NA,NA,NA,NA,NA,NA,NA,NA,NA,NA,NA,NA,NA,NA,NA,NA,1,1,1,1,NA,NA,NA,NA,NA,NA
"Oasis, Riverside",NA,NA,NA,NA,NA,NA,NA,NA,NA,NA,NA,NA,NA,NA,NA,NA,NA,NA,NA,1,2,2,2,3,3,3,3,3,3
"Thermal, Riverside",NA,NA,NA,NA,NA,NA,NA,NA,NA,NA,NA,NA,NA,NA,NA,NA,NA,NA,NA,NA,1,1,1,2,2,2,2,3,5
"Thousand Palms, Riverside",NA,NA,NA,NA,NA,NA,NA,NA,NA,NA,NA,NA,NA,NA,NA,NA,NA,NA,NA,NA,1,2,2,2,2,2,2,3,3
"Warm Springs, Riverside",NA,NA,NA,NA,NA,NA,NA,NA,NA,NA,NA,NA,NA,NA,NA,NA,NA,NA,NA,NA,1,2,2,NA,NA,NA,NA,NA,NA
"Garnet, Riverside",NA,NA,NA,NA,NA,NA,NA,NA,NA,NA,NA,NA,NA,NA,NA,NA,NA,NA,NA,NA,NA,2,3,3,3,3,3,4,4
"Sky Valley, Riverside",NA,NA,NA,NA,NA,NA,NA,NA,NA,NA,NA,NA,NA,NA,NA,NA,NA,NA,NA,NA,NA,NA,1,1,1,1,1,1,1
"Valle Vista, Riverside",NA,NA,NA,NA,NA,NA,NA,NA,NA,NA,NA,NA,NA,NA,NA,NA,NA,NA,NA,NA,NA,NA,1,1,1,2,2,2,2
"Homeland, Riverside",NA,NA,NA,NA,NA,NA,NA,NA,NA,NA,NA,NA,NA,NA,NA,NA,NA,NA,NA,NA,NA,NA,NA,1,1,1,1,1,1
"Lake Mathews, Riverside",NA,NA,NA,NA,NA,NA,NA,NA,NA,NA,NA,NA,NA,NA,NA,NA,NA,NA,NA,NA,NA,NA,NA,1,1,1,1,1,2
"Coronita, Riverside",NA,NA,NA,NA,NA,NA,NA,NA,NA,NA,NA,NA,NA,NA,NA,NA,NA,NA,NA,NA,NA,NA,NA,NA,NA,1,1,1,1
"Cabazon, Riverside",NA,NA,NA,NA,NA,NA,NA,NA,NA,NA,NA,NA,NA,NA,NA,NA,NA,NA,NA,NA,NA,NA,NA,NA,NA,NA,0,1,1
"Lakeview, Riverside",NA,NA,NA,NA,NA,NA,NA,NA,NA,NA,NA,NA,NA,NA,NA,NA,NA,NA,NA,NA,NA,NA,NA,NA,NA,NA,1,1,1
"North Shore, Riverside",NA,NA,NA,NA,NA,NA,NA,NA,NA,NA,NA,NA,NA,NA,NA,NA,NA,NA,NA,NA,NA,NA,NA,NA,NA,NA,0,0,0
"Romoland, Riverside",NA,NA,NA,NA,NA,NA,NA,NA,NA,NA,NA,NA,NA,NA,NA,NA,NA,NA,NA,NA,NA,NA,NA,NA,NA,NA,0,0,0
"Vista Santa Rosa, Riverside",NA,NA,NA,NA,NA,NA,NA,NA,NA,NA,NA,NA,NA,NA,NA,NA,NA,NA,NA,NA,NA,NA,NA,NA,NA,NA,0,0,0
"Winchester, Riverside",NA,NA,NA,NA,NA,NA,NA,NA,NA,NA,NA,NA,NA,NA,NA,NA,NA,NA,NA,NA,NA,NA,NA,NA,NA,NA,0,1,1
"Citrus Heights, Sacramento",NA,NA,NA,NA,NA,NA,NA,NA,NA,NA,NA,NA,NA,NA,NA,NA,NA,NA,17,NA,20,20,25,26,31,33,34,34,38
"Elk Grove, Sacramento",NA,NA,NA,NA,NA,NA,NA,NA,NA,NA,NA,NA,NA,NA,NA,NA,NA,NA,43,NA,47,47,54,59,60,63,63,63,65
"Folsom, Sacramento",NA,NA,NA,NA,NA,NA,NA,NA,NA,NA,NA,NA,NA,NA,NA,NA,NA,NA,9,NA,11,11,12,13,13,13,13,13,13
"Galt, Sacramento",NA,NA,NA,NA,NA,NA,NA,NA,NA,NA,NA,NA,NA,NA,NA,NA,NA,NA,4,NA,4,4,5,6,6,6,6,6,6
"Isleton, Sacramento",NA,NA,NA,NA,NA,NA,NA,NA,NA,NA,NA,NA,NA,NA,NA,NA,NA,NA,0,NA,1,1,1,1,1,1,1,1,1
"Outside of cities, Sacramento",NA,NA,NA,NA,NA,NA,NA,NA,NA,NA,NA,NA,NA,NA,NA,NA,NA,NA,66,NA,73,73,95,107,114,122,125,129,131
"Rancho Cordova, Sacramento",NA,NA,NA,NA,NA,NA,NA,NA,NA,NA,NA,NA,NA,NA,NA,NA,NA,NA,30,NA,33,33,34,37,40,46,47,48,49
"Sacramento, Sacramento",NA,NA,NA,NA,NA,NA,NA,NA,NA,NA,NA,NA,NA,NA,NA,NA,NA,NA,216,NA,246,246,287,323,343,367,397,401,423
"Barstow, San Bernardino",NA,NA,NA,NA,NA,NA,NA,NA,NA,NA,NA,NA,NA,NA,3,4,6,6,6,6,6,7,8,8,8,8,NA,8,8
"Big Bear Lake, San Bernardino",NA,NA,NA,NA,NA,NA,NA,NA,NA,NA,NA,NA,NA,NA,1,1,2,3,3,3,3,3,3,3,3,3,NA,3,3
"Bloomington, San Bernardino",NA,NA,NA,NA,NA,NA,NA,NA,NA,NA,NA,NA,NA,NA,2,2,2,3,3,3,3,7,7,7,8,9,NA,10,11
"Chino, San Bernardino",NA,NA,NA,NA,NA,NA,NA,NA,NA,NA,NA,NA,NA,NA,3,6,9,11,13,13,13,16,17,22,27,32,NA,37,41
"Chino Hills, San Bernardino",NA,NA,NA,NA,NA,NA,NA,NA,NA,NA,NA,NA,NA,NA,5,8,9,10,14,15,15,22,23,25,27,33,NA,36,40
"Colton, San Bernardino",NA,NA,NA,NA,NA,NA,NA,NA,NA,NA,NA,NA,NA,NA,1,1,2,4,8,8,7,8,9,12,13,16,NA,20,30
"Fontana, San Bernardino",NA,NA,NA,NA,NA,NA,NA,NA,NA,NA,NA,NA,NA,NA,8,15,23,25,35,40,40,66,67,81,87,99,NA,106,120
"Hesperia, San Bernardino",NA,NA,NA,NA,NA,NA,NA,NA,NA,NA,NA,NA,NA,NA,1,4,4,4,6,9,9,18,19,21,26,29,NA,30,31
"Highland, San Bernardino",NA,NA,NA,NA,NA,NA,NA,NA,NA,NA,NA,NA,NA,NA,7,8,9,11,14,15,15,21,22,22,28,29,NA,34,39
"Loma Linda, San Bernardino",NA,NA,NA,NA,NA,NA,NA,NA,NA,NA,NA,NA,NA,NA,3,5,6,7,9,9,9,12,13,13,14,16,NA,16,18
"Montclair, San Bernardino",NA,NA,NA,NA,NA,NA,NA,NA,NA,NA,NA,NA,NA,NA,1,1,3,4,4,4,4,5,5,7,8,8,NA,11,11
"Oak Hills, San Bernardino",NA,NA,NA,NA,NA,NA,NA,NA,NA,NA,NA,NA,NA,NA,1,1,1,1,1,1,1,2,2,2,3,3,NA,4,5
"Ontario, San Bernardino",NA,NA,NA,NA,NA,NA,NA,NA,NA,NA,NA,NA,NA,NA,5,9,10,14,18,19,18,28,29,31,36,41,NA,44,50
"Phelan, San Bernardino",NA,NA,NA,NA,NA,NA,NA,NA,NA,NA,NA,NA,NA,NA,1,1,1,1,1,1,1,1,1,1,1,1,NA,1,2
"Rancho Cucamonga, San Bernardino",NA,NA,NA,NA,NA,NA,NA,NA,NA,NA,NA,NA,NA,NA,14,14,23,25,26,28,28,36,37,46,48,49,NA,49,64
"Redlands, San Bernardino",NA,NA,NA,NA,NA,NA,NA,NA,NA,NA,NA,NA,NA,NA,7,10,17,19,26,27,27,41,40,44,46,54,NA,58,60
"Rialto, San Bernardino",NA,NA,NA,NA,NA,NA,NA,NA,NA,NA,NA,NA,NA,NA,7,7,11,12,13,13,13,26,26,27,28,32,NA,38,41
"Running Springs, San Bernardino",NA,NA,NA,NA,NA,NA,NA,NA,NA,NA,NA,NA,NA,NA,2,2,2,2,2,2,2,2,2,2,2,2,NA,2,2
"San Bernardino, San Bernardino",NA,NA,NA,NA,NA,NA,NA,NA,NA,NA,NA,NA,NA,NA,6,7,13,15,20,22,23,40,41,48,62,69,NA,80,92
"Upland, San Bernardino",NA,NA,NA,NA,NA,NA,NA,NA,NA,NA,NA,NA,NA,NA,6,7,11,14,14,14,14,18,18,21,25,27,NA,32,32
"Victorville, San Bernardino",NA,NA,NA,NA,NA,NA,NA,NA,NA,NA,NA,NA,NA,NA,6,7,7,9,9,10,10,20,20,25,27,35,NA,41,46
"Yucaipa, San Bernardino",NA,NA,NA,NA,NA,NA,NA,NA,NA,NA,NA,NA,NA,NA,18,53,60,68,69,70,70,77,85,100,103,104,NA,106,109
"Yucca Valley, San Bernardino",NA,NA,NA,NA,NA,NA,NA,NA,NA,NA,NA,NA,NA,NA,1,2,2,2,2,2,2,3,3,3,3,4,NA,6,7
"Alta Loma, San Bernardino",NA,NA,NA,NA,NA,NA,NA,NA,NA,NA,NA,NA,NA,NA,NA,1,2,2,4,4,4,4,4,5,6,7,NA,8,NA
"Apple Valley, San Bernardino",NA,NA,NA,NA,NA,NA,NA,NA,NA,NA,NA,NA,NA,NA,NA,1,2,3,4,4,4,7,7,8,10,10,NA,12,13
"Big Bear City, San Bernardino",NA,NA,NA,NA,NA,NA,NA,NA,NA,NA,NA,NA,NA,NA,NA,1,1,1,2,2,2,2,2,2,2,2,NA,2,2
"Grand Terrace, San Bernardino",NA,NA,NA,NA,NA,NA,NA,NA,NA,NA,NA,NA,NA,NA,NA,1,1,1,1,1,1,2,2,3,5,7,NA,9,10
"Mentone, San Bernardino",NA,NA,NA,NA,NA,NA,NA,NA,NA,NA,NA,NA,NA,NA,NA,1,2,2,2,3,3,4,4,4,4,4,NA,4,4
"Adelanto, San Bernardino",NA,NA,NA,NA,NA,NA,NA,NA,NA,NA,NA,NA,NA,NA,NA,NA,1,3,3,3,3,3,3,3,3,4,NA,7,8
"Blue Jay, San Bernardino",NA,NA,NA,NA,NA,NA,NA,NA,NA,NA,NA,NA,NA,NA,NA,NA,2,2,2,2,2,2,2,2,2,2,NA,2,2
"Crestline, San Bernardino",NA,NA,NA,NA,NA,NA,NA,NA,NA,NA,NA,NA,NA,NA,NA,NA,1,1,1,1,1,1,1,1,1,1,NA,1,3
"Rimforest, San Bernardino",NA,NA,NA,NA,NA,NA,NA,NA,NA,NA,NA,NA,NA,NA,NA,NA,1,1,1,1,1,1,1,1,1,1,NA,1,1
"Wrightwood, San Bernardino",NA,NA,NA,NA,NA,NA,NA,NA,NA,NA,NA,NA,NA,NA,NA,NA,1,1,1,1,1,1,1,1,1,1,NA,1,1
"Joshua Tree, San Bernardino",NA,NA,NA,NA,NA,NA,NA,NA,NA,NA,NA,NA,NA,NA,NA,NA,NA,NA,1,2,2,2,1,1,1,1,NA,2,2
"Undetermined, San Bernardino",NA,NA,NA,NA,NA,NA,NA,NA,NA,NA,NA,NA,NA,NA,NA,NA,NA,NA,NA,NA,16,21,21,34,56,62,NA,53,56
"Fort Irwin, San Bernardino",NA,NA,NA,NA,NA,NA,NA,NA,NA,NA,NA,NA,NA,NA,NA,NA,NA,NA,NA,NA,NA,1,1,1,1,2,NA,2,2
"Morongo Valley, San Bernardino",NA,NA,NA,NA,NA,NA,NA,NA,NA,NA,NA,NA,NA,NA,NA,NA,NA,NA,NA,NA,NA,NA,NA,3,3,3,NA,5,5
"Landers, San Bernardino",NA,NA,NA,NA,NA,NA,NA,NA,NA,NA,NA,NA,NA,NA,NA,NA,NA,NA,NA,NA,NA,NA,NA,NA,NA,NA,NA,2,2
"Twentynine Palms, San Bernardino",NA,NA,NA,NA,NA,NA,NA,NA,NA,NA,NA,NA,NA,NA,NA,NA,NA,NA,NA,NA,NA,NA,NA,NA,NA,NA,NA,4,4
"Carlsbad, San Diego",NA,NA,NA,NA,NA,NA,NA,12,13,16,15,18,19,20,24,27,30,32,37,39,41,42,42,43,43,48,48,48,48
"Chula Vista, San Diego",NA,NA,NA,NA,NA,NA,NA,4,7,13,17,21,24,24,32,38,52,65,75,86,95,104,120,133,154,163,170,175,175
"Del Mar, San Diego",NA,NA,NA,NA,NA,NA,NA,4,5,5,5,6,6,6,6,5,5,5,7,7,8,8,8,8,8,8,8,8,8
"El Cajon, San Diego",NA,NA,NA,NA,NA,NA,NA,2,8,13,19,20,26,29,34,36,38,43,60,67,72,74,85,88,93,97,105,108,108
"Encinitas, San Diego",NA,NA,NA,NA,NA,NA,NA,5,7,8,12,14,16,18,19,20,24,25,27,27,29,30,31,32,32,33,34,34,34
"Escondido, San Diego",NA,NA,NA,NA,NA,NA,NA,3,6,6,7,7,9,9,10,11,14,23,26,27,28,28,32,35,39,46,50,50,50
"Fallbrook, San Diego",NA,NA,NA,NA,NA,NA,NA,2,2,2,2,3,4,4,4,4,4,6,5,6,6,6,6,6,7,8,9,9,9
"La Mesa, San Diego",NA,NA,NA,NA,NA,NA,NA,1,1,1,1,3,3,4,6,8,11,12,15,18,18,23,25,26,30,33,34,36,36
"Lakeside, San Diego",NA,NA,NA,NA,NA,NA,NA,1,2,2,2,2,2,3,4,5,8,8,8,9,10,12,14,14,13,14,14,15,15
"National City, San Diego",NA,NA,NA,NA,NA,NA,NA,2,3,5,6,6,8,8,8,10,11,12,18,18,19,25,25,28,32,33,37,39,39
"Oceanside, San Diego",NA,NA,NA,NA,NA,NA,NA,4,7,7,8,8,11,11,14,17,20,22,27,29,30,31,31,34,34,36,36,37,37
"Poway, San Diego",NA,NA,NA,NA,NA,NA,NA,2,2,3,4,5,7,7,7,7,9,10,13,13,13,14,15,16,16,17,18,18,18
"Ramona, San Diego",NA,NA,NA,NA,NA,NA,NA,2,2,2,2,3,4,4,4,4,4,4,6,7,7,8,9,10,10,10,10,10,10
"Rancho Santa Fe, San Diego",NA,NA,NA,NA,NA,NA,NA,3,5,5,5,6,7,7,10,11,12,14,13,14,14,14,14,14,14,14,14,14,14
"San Diego, San Diego",NA,NA,NA,NA,NA,NA,NA,118,141,169,207,251,284,314,350,422,486,540,614,649,686,713,750,783,821,849,874,885,885
"San Marcos, San Diego",NA,NA,NA,NA,NA,NA,NA,3,3,3,3,3,3,4,5,5,10,12,13,17,17,19,20,20,21,22,21,22,22
"Santee, San Diego",NA,NA,NA,NA,NA,NA,NA,1,1,1,2,2,2,2,3,5,5,10,12,15,16,16,14,16,17,17,18,19,19
"Solana Beach, San Diego",NA,NA,NA,NA,NA,NA,NA,2,1,1,1,1,1,2,2,3,3,5,5,5,5,5,5,5,5,5,NA,6,6
"Vista, San Diego",NA,NA,NA,NA,NA,NA,NA,2,2,3,5,6,10,10,11,8,9,9,15,17,18,21,22,24,26,28,28,28,28
"Bonita, San Diego",NA,NA,NA,NA,NA,NA,NA,NA,1,1,1,NA,2,2,4,3,6,6,7,8,8,8,11,13,13,13,13,14,14
"Spring Valley, San Diego",NA,NA,NA,NA,NA,NA,NA,NA,3,4,4,5,9,9,12,17,18,21,23,27,28,34,34,37,39,42,45,45,45
"Jamul, San Diego",NA,NA,NA,NA,NA,NA,NA,NA,NA,1,NA,NA,NA,NA,NA,NA,NA,NA,1,1,1,2,3,3,4,4,4,4,4
"Lemon Grove, San Diego",NA,NA,NA,NA,NA,NA,NA,NA,NA,1,1,1,2,3,4,5,5,8,10,13,12,13,14,14,14,14,15,15,15
"San Ysidro, San Diego",NA,NA,NA,NA,NA,NA,NA,NA,NA,1,NA,NA,NA,NA,NA,NA,NA,NA,NA,NA,NA,NA,NA,NA,NA,NA,NA,NA,NA
"Bonia, San Diego",NA,NA,NA,NA,NA,NA,NA,NA,NA,NA,NA,2,NA,NA,NA,NA,NA,NA,NA,NA,NA,NA,NA,NA,NA,NA,NA,NA,NA
"Coronado, San Diego",NA,NA,NA,NA,NA,NA,NA,NA,NA,NA,NA,1,1,1,1,1,2,2,4,4,4,4,4,4,5,5,5,5,5
"Other/Unknown, San Diego",NA,NA,NA,NA,NA,NA,NA,NA,NA,NA,NA,NA,NA,NA,NA,62,62,69,61,73,125,133,103,105,117,102,124,NA,NA
"Pauma Valley, San Diego",NA,NA,NA,NA,NA,NA,NA,NA,NA,NA,NA,NA,NA,NA,NA,NA,1,2,2,2,2,2,2,2,2,2,2,2,2
"Imperial Beach, San Diego",NA,NA,NA,NA,NA,NA,NA,NA,NA,NA,NA,NA,NA,NA,NA,NA,NA,1,2,3,6,7,7,9,10,10,10,10,10
"Alpine, San Diego",NA,NA,NA,NA,NA,NA,NA,NA,NA,NA,NA,NA,NA,NA,NA,NA,NA,NA,1,1,1,1,1,1,1,1,1,1,1
"Borrego Springs, San Diego",NA,NA,NA,NA,NA,NA,NA,NA,NA,NA,NA,NA,NA,NA,NA,NA,NA,NA,1,1,1,1,1,1,1,1,1,1,1
"Descanso, San Diego",NA,NA,NA,NA,NA,NA,NA,NA,NA,NA,NA,NA,NA,NA,NA,NA,NA,NA,1,1,1,1,1,1,1,1,1,1,1
"Ranchita, San Diego",NA,NA,NA,NA,NA,NA,NA,NA,NA,NA,NA,NA,NA,NA,NA,NA,NA,NA,2,2,2,2,2,2,2,2,2,2,2
"Valley Center, San Diego",NA,NA,NA,NA,NA,NA,NA,NA,NA,NA,NA,NA,NA,NA,NA,NA,NA,NA,1,3,3,3,3,3,3,3,3,3,3
"Boulevard, San Diego",NA,NA,NA,NA,NA,NA,NA,NA,NA,NA,NA,NA,NA,NA,NA,NA,NA,NA,NA,NA,NA,NA,NA,NA,1,1,1,1,1
"Bonsall, San Diego",NA,NA,NA,NA,NA,NA,NA,NA,NA,NA,NA,NA,NA,NA,NA,NA,NA,NA,NA,NA,NA,NA,NA,NA,NA,NA,1,1,1
"Solana, San Diego",NA,NA,NA,NA,NA,NA,NA,NA,NA,NA,NA,NA,NA,NA,NA,NA,NA,NA,NA,NA,NA,NA,NA,NA,NA,NA,5,NA,NA
"Other/unknown, San Diego",NA,NA,NA,NA,NA,NA,NA,NA,NA,NA,NA,NA,NA,NA,NA,NA,NA,NA,NA,NA,NA,NA,NA,NA,NA,NA,NA,138,111
"Escalon, San Joaquin",NA,NA,NA,NA,NA,NA,NA,NA,NA,NA,NA,NA,NA,NA,NA,NA,NA,NA,NA,NA,NA,NA,NA,NA,NA,NA,NA,NA,NA
"Lathrop, San Joaquin",NA,NA,NA,NA,NA,NA,NA,NA,NA,NA,NA,NA,NA,NA,NA,NA,NA,NA,NA,NA,NA,NA,NA,NA,NA,13,NA,NA,NA
"Lodi, San Joaquin",NA,NA,NA,NA,NA,NA,NA,NA,NA,NA,NA,NA,NA,NA,NA,NA,NA,NA,NA,NA,NA,NA,NA,NA,NA,21,NA,NA,NA
"Manteca, San Joaquin",NA,NA,NA,NA,NA,NA,NA,NA,NA,NA,NA,NA,NA,NA,NA,NA,NA,NA,NA,NA,NA,NA,NA,NA,NA,42,NA,NA,NA
"Ripon, San Joaquin",NA,NA,NA,NA,NA,NA,NA,NA,NA,NA,NA,NA,NA,NA,NA,NA,NA,NA,NA,NA,NA,NA,NA,NA,NA,NA,NA,NA,NA
"Stockton, San Joaquin",NA,NA,NA,NA,NA,NA,NA,NA,NA,NA,NA,NA,NA,NA,NA,NA,NA,NA,NA,NA,NA,NA,NA,NA,NA,130,NA,NA,NA
"Tracy, San Joaquin",NA,NA,NA,NA,NA,NA,NA,NA,NA,NA,NA,NA,NA,NA,NA,NA,NA,NA,NA,NA,NA,NA,NA,NA,NA,36,NA,NA,NA
"Unincorporated, San Joaquin",NA,NA,NA,NA,NA,NA,NA,NA,NA,NA,NA,NA,NA,NA,NA,NA,NA,NA,NA,NA,NA,NA,NA,NA,NA,NA,NA,NA,NA
"Arroyo Grande, San Luis Obispo",NA,NA,NA,NA,NA,NA,NA,NA,NA,NA,NA,NA,NA,NA,NA,NA,NA,NA,NA,13,13,13,14,14,14,14,15,16,16
"Atascadero, San Luis Obispo",NA,NA,NA,NA,NA,NA,NA,NA,NA,NA,NA,NA,NA,NA,NA,NA,NA,NA,NA,18,19,19,19,20,20,21,22,22,23
"Morro Bay, San Luis Obispo",NA,NA,NA,NA,NA,NA,NA,NA,NA,NA,NA,NA,NA,NA,NA,NA,NA,NA,NA,6,6,6,6,6,6,6,6,6,6
"Nipomo, San Luis Obispo",NA,NA,NA,NA,NA,NA,NA,NA,NA,NA,NA,NA,NA,NA,NA,NA,NA,NA,NA,5,5,5,6,6,6,6,7,7,7
"Other, San Luis Obispo",NA,NA,NA,NA,NA,NA,NA,NA,NA,NA,NA,NA,NA,NA,NA,NA,NA,NA,NA,11,11,11,13,13,15,15,15,11,11
"Paso Robles, San Luis Obispo",NA,NA,NA,NA,NA,NA,NA,NA,NA,NA,NA,NA,NA,NA,NA,NA,NA,NA,NA,26,27,27,27,29,29,29,29,30,30
"San Luis Obispo, San Luis Obispo",NA,NA,NA,NA,NA,NA,NA,NA,NA,NA,NA,NA,NA,NA,NA,NA,NA,NA,NA,8,8,8,8,8,8,10,10,10,NA
"Templeton, San Luis Obispo",NA,NA,NA,NA,NA,NA,NA,NA,NA,NA,NA,NA,NA,NA,NA,NA,NA,NA,NA,6,6,6,6,6,6,6,6,7,7
"Pismo Beach, San Luis Obispo",NA,NA,NA,NA,NA,NA,NA,NA,NA,NA,NA,NA,NA,NA,NA,NA,NA,NA,NA,NA,NA,NA,NA,NA,NA,NA,NA,5,5
"San Luis Obispo (city), San Luis Obispo",NA,NA,NA,NA,NA,NA,NA,NA,NA,NA,NA,NA,NA,NA,NA,NA,NA,NA,NA,NA,NA,NA,NA,NA,NA,NA,NA,NA,12
"Lompoc, Santa Barbara",NA,NA,NA,NA,NA,NA,NA,NA,NA,NA,1,1,1,1,2,7,12,14,17,29,29,37,55,60,74,39,86,41,46
"Orcutt, Santa Barbara",NA,NA,NA,NA,NA,NA,NA,NA,NA,NA,5,5,5,5,5,6,13,18,18,19,20,22,22,24,24,24,26,27,28
"Santa Barbara, Santa Barbara",NA,NA,NA,NA,NA,NA,NA,NA,NA,NA,11,20,25,25,25,23,26,28,30,31,31,32,33,33,33,35,35,35,36
"Santa Maria, Santa Barbara",NA,NA,NA,NA,NA,NA,NA,NA,NA,NA,8,10,19,20,20,21,28,39,44,45,48,53,59,59,59,63,64,64,67
"Santa Ynez Valley, Santa Barbara",NA,NA,NA,NA,NA,NA,NA,NA,NA,NA,2,1,2,2,2,2,3,4,5,5,5,5,5,5,5,5,5,5,5
"South County, Santa Barbara",NA,NA,NA,NA,NA,NA,NA,NA,NA,NA,5,6,8,10,9,6,9,6,9,10,11,13,14,16,16,16,16,16,16
"Goleta, Santa Barbara",NA,NA,NA,NA,NA,NA,NA,NA,NA,NA,NA,2,2,2,2,2,3,4,4,4,5,5,5,5,5,5,5,5,5
"Goleta Valley & Gaviota, Santa Barbara",NA,NA,NA,NA,NA,NA,NA,NA,NA,NA,NA,1,1,1,1,3,9,9,9,9,9,9,9,10,11,11,11,11,11
"North County, Santa Barbara",NA,NA,NA,NA,NA,NA,NA,NA,NA,NA,NA,NA,NA,2,2,3,13,16,15,15,15,15,15,15,15,15,15,15,15
"Isla Vista, Santa Barbara",NA,NA,NA,NA,NA,NA,NA,NA,NA,NA,NA,NA,NA,NA,NA,NA,1,1,1,1,1,1,1,1,1,1,1,1,1
"Federal Prison, Lompoc, Santa Barbara",NA,NA,NA,NA,NA,NA,NA,NA,NA,NA,NA,NA,NA,NA,NA,NA,NA,NA,NA,NA,NA,NA,NA,NA,NA,NA,NA,NA,54
"Campbell, Santa Clara",NA,NA,NA,NA,NA,NA,NA,NA,NA,NA,NA,NA,NA,NA,NA,NA,NA,NA,NA,NA,NA,NA,NA,NA,26,26,28,28,29
"Cupertino, Santa Clara",NA,NA,NA,NA,NA,NA,NA,NA,NA,NA,NA,NA,NA,NA,NA,NA,NA,NA,NA,NA,NA,NA,NA,NA,17,17,18,18,19
"Gilroy, Santa Clara",NA,NA,NA,NA,NA,NA,NA,NA,NA,NA,NA,NA,NA,NA,NA,NA,NA,NA,NA,NA,NA,NA,NA,NA,24,24,25,26,28
"Los Altos, Santa Clara",NA,NA,NA,NA,NA,NA,NA,NA,NA,NA,NA,NA,NA,NA,NA,NA,NA,NA,NA,NA,NA,NA,NA,NA,18,18,18,18,18
"Los Altos Hills, Santa Clara",NA,NA,NA,NA,NA,NA,NA,NA,NA,NA,NA,NA,NA,NA,NA,NA,NA,NA,NA,NA,NA,NA,NA,NA,1,5,1,1,1
"Los Gatos, Santa Clara",NA,NA,NA,NA,NA,NA,NA,NA,NA,NA,NA,NA,NA,NA,NA,NA,NA,NA,NA,NA,NA,NA,NA,NA,21,22,22,23,23
"Milpitas, Santa Clara",NA,NA,NA,NA,NA,NA,NA,NA,NA,NA,NA,NA,NA,NA,NA,NA,NA,NA,NA,NA,NA,NA,NA,NA,43,44,47,48,54
"Monte Sereno, Santa Clara",NA,NA,NA,NA,NA,NA,NA,NA,NA,NA,NA,NA,NA,NA,NA,NA,NA,NA,NA,NA,NA,NA,NA,NA,1,6,1,1,1
"Morgan Hill, Santa Clara",NA,NA,NA,NA,NA,NA,NA,NA,NA,NA,NA,NA,NA,NA,NA,NA,NA,NA,NA,NA,NA,NA,NA,NA,25,26,28,28,30
"Mountain View, Santa Clara",NA,NA,NA,NA,NA,NA,NA,NA,NA,NA,NA,NA,NA,NA,NA,NA,NA,NA,NA,NA,NA,NA,NA,NA,30,31,32,34,34
"Other/Unknown, Santa Clara",NA,NA,NA,NA,NA,NA,NA,NA,NA,NA,NA,NA,NA,NA,NA,NA,NA,NA,NA,NA,NA,NA,NA,NA,75,83,97,104,104
"Palo Alto, Santa Clara",NA,NA,NA,NA,NA,NA,NA,NA,NA,NA,NA,NA,NA,NA,NA,NA,NA,NA,NA,NA,NA,NA,NA,NA,57,57,59,61,62
"San Jose, Santa Clara",NA,NA,NA,NA,NA,NA,NA,NA,NA,NA,NA,NA,NA,NA,NA,NA,NA,NA,NA,NA,NA,NA,NA,NA,958,986,1021,1053,1082
"Santa Clara, Santa Clara",NA,NA,NA,NA,NA,NA,NA,NA,NA,NA,NA,NA,NA,NA,NA,NA,NA,NA,NA,NA,NA,NA,NA,NA,54,57,66,69,72
"Saratoga, Santa Clara",NA,NA,NA,NA,NA,NA,NA,NA,NA,NA,NA,NA,NA,NA,NA,NA,NA,NA,NA,NA,NA,NA,NA,NA,1,9,1,1,1
"Sunnyvale, Santa Clara",NA,NA,NA,NA,NA,NA,NA,NA,NA,NA,NA,NA,NA,NA,NA,NA,NA,NA,NA,NA,NA,NA,NA,NA,65,73,85,91,91
"Unincorporated, Santa Clara",NA,NA,NA,NA,NA,NA,NA,NA,NA,NA,NA,NA,NA,NA,NA,NA,NA,NA,NA,NA,NA,NA,NA,NA,1,NA,NA,NA,NA
"Central County, Sonoma",NA,NA,NA,NA,NA,NA,NA,NA,NA,NA,NA,NA,NA,NA,NA,NA,NA,NA,NA,NA,NA,NA,NA,NA,77,80,80,80,84
"East County, Sonoma",NA,NA,NA,NA,NA,NA,NA,NA,NA,NA,NA,NA,NA,NA,NA,NA,NA,NA,NA,NA,NA,NA,NA,NA,15,15,15,16,16
"North County, Sonoma",NA,NA,NA,NA,NA,NA,NA,NA,NA,NA,NA,NA,NA,NA,NA,NA,NA,NA,NA,NA,NA,NA,NA,NA,17,17,17,17,18
"South County, Sonoma",NA,NA,NA,NA,NA,NA,NA,NA,NA,NA,NA,NA,NA,NA,NA,NA,NA,NA,NA,NA,NA,NA,NA,NA,18,19,19,19,20
"West County, Sonoma",NA,NA,NA,NA,NA,NA,NA,NA,NA,NA,NA,NA,NA,NA,NA,NA,NA,NA,NA,NA,NA,NA,NA,NA,13,14,14,15,14
"Ceres, Stanislaus",NA,NA,NA,NA,NA,NA,NA,NA,NA,NA,NA,NA,NA,NA,NA,NA,NA,NA,NA,NA,NA,8,9,10,10,11,11,13,13
"County, Stanislaus",NA,NA,NA,NA,NA,NA,NA,NA,NA,NA,NA,NA,NA,NA,NA,NA,NA,NA,NA,NA,NA,15,17,17,17,20,21,22,22
"Hughson, Stanislaus",NA,NA,NA,NA,NA,NA,NA,NA,NA,NA,NA,NA,NA,NA,NA,NA,NA,NA,NA,NA,NA,NA,NA,NA,NA,NA,NA,NA,NA
"Modesto, Stanislaus",NA,NA,NA,NA,NA,NA,NA,NA,NA,NA,NA,NA,NA,NA,NA,NA,NA,NA,NA,NA,NA,33,39,43,43,53,56,60,60
"Newman, Stanislaus",NA,NA,NA,NA,NA,NA,NA,NA,NA,NA,NA,NA,NA,NA,NA,NA,NA,NA,NA,NA,NA,NA,NA,NA,NA,NA,NA,NA,NA
"Oakdale, Stanislaus",NA,NA,NA,NA,NA,NA,NA,NA,NA,NA,NA,NA,NA,NA,NA,NA,NA,NA,NA,NA,NA,NA,NA,NA,NA,NA,NA,NA,NA
"Patterson, Stanislaus",NA,NA,NA,NA,NA,NA,NA,NA,NA,NA,NA,NA,NA,NA,NA,NA,NA,NA,NA,NA,NA,8,8,8,8,10,10,10,10
"Riverbank, Stanislaus",NA,NA,NA,NA,NA,NA,NA,NA,NA,NA,NA,NA,NA,NA,NA,NA,NA,NA,NA,NA,NA,3,3,3,3,5,5,6,6
"Turlock, Stanislaus",NA,NA,NA,NA,NA,NA,NA,NA,NA,NA,NA,NA,NA,NA,NA,NA,NA,NA,NA,NA,NA,4,4,4,4,5,6,7,7
"Waterford, Stanislaus",NA,NA,NA,NA,NA,NA,NA,NA,NA,NA,NA,NA,NA,NA,NA,NA,NA,NA,NA,NA,NA,NA,5,5,5,5,5,5,5
"Camarillo, Ventura",NA,NA,NA,NA,NA,NA,NA,5,5,8,9,14,15,19,21,21,24,27,28,29,30,31,32,32,33,35,36,36,36
"Moorpark, Ventura",NA,NA,NA,NA,NA,NA,NA,1,3,3,3,7,7,7,8,8,12,12,12,14,14,15,15,17,17,19,19,20,20
"Oak Park, Ventura",NA,NA,NA,NA,NA,NA,NA,1,1,2,3,3,3,6,6,6,7,7,7,7,9,9,9,9,9,9,9,9,10
"Ojai, Ventura",NA,NA,NA,NA,NA,NA,NA,1,2,2,2,2,2,2,2,2,2,3,4,4,4,4,4,4,4,4,4,4,5
"Oxnard, Ventura",NA,NA,NA,NA,NA,NA,NA,3,4,5,8,11,12,15,18,18,24,29,30,39,40,42,46,49,53,63,65,68,68
"Santa Paula, Ventura",NA,NA,NA,NA,NA,NA,NA,2,2,2,2,2,2,2,2,2,2,3,3,3,3,3,3,4,4,4,4,4,4
"Simi Valley, Ventura",NA,NA,NA,NA,NA,NA,NA,11,11,12,15,15,20,20,21,21,27,30,37,39,46,47,55,61,65,58,73,72,72
"Somis, Ventura",NA,NA,NA,NA,NA,NA,NA,1,1,1,1,1,1,1,1,1,1,1,1,1,1,1,1,1,1,1,1,1,1
"Thousand Oaks, Ventura",NA,NA,NA,NA,NA,NA,NA,5,5,7,8,10,15,15,22,22,33,35,30,29,33,33,36,40,40,43,44,45,45
"Ventura, Ventura",NA,NA,NA,NA,NA,NA,NA,4,4,6,7,10,11,11,14,14,18,19,19,20,21,21,21,23,24,25,26,26,26
"Westlake Village, Ventura",NA,NA,NA,NA,NA,NA,NA,1,1,2,2,5,5,6,5,5,NA,NA,NA,NA,NA,NA,NA,NA,NA,NA,NA,NA,NA
"Lake Sherwood, Ventura",NA,NA,NA,NA,NA,NA,NA,NA,NA,NA,1,1,2,2,2,2,2,2,2,2,2,2,2,2,2,3,3,3,3
"Oak View, Ventura",NA,NA,NA,NA,NA,NA,NA,NA,NA,NA,NA,1,1,1,1,1,1,1,1,1,1,1,1,1,1,1,1,1,1
"Port Hueneme, Ventura",NA,NA,NA,NA,NA,NA,NA,NA,NA,NA,NA,1,2,2,2,2,2,2,2,2,2,2,2,3,4,5,5,5,5
"Newbury Park, Ventura",NA,NA,NA,NA,NA,NA,NA,NA,NA,NA,NA,NA,NA,NA,1,1,3,4,4,4,5,5,5,7,6,6,7,7,7
"Piru, Ventura",NA,NA,NA,NA,NA,NA,NA,NA,NA,NA,NA,NA,NA,NA,NA,NA,1,1,1,1,1,1,1,1,1,1,1,1,1
"Santa Rosa Valley, Ventura",NA,NA,NA,NA,NA,NA,NA,NA,NA,NA,NA,NA,NA,NA,NA,NA,1,1,1,1,1,1,1,1,1,2,2,2,2
"Westlake, Ventura",NA,NA,NA,NA,NA,NA,NA,NA,NA,NA,NA,NA,NA,NA,NA,NA,NA,NA,7,7,8,8,9,8,8,8,8,8,8
"Fillmore, Ventura",NA,NA,NA,NA,NA,NA,NA,NA,NA,NA,NA,NA,NA,NA,NA,NA,NA,NA,NA,NA,NA,NA,NA,NA,1,1,1,2,3
"Davis, Yolo",NA,NA,NA,NA,NA,NA,NA,NA,NA,NA,NA,NA,NA,NA,NA,NA,NA,NA,8,NA,NA,10,10,10,11,11,11,11,13
"West Sacramento, Yolo",NA,NA,NA,NA,NA,NA,NA,NA,NA,NA,NA,NA,NA,NA,NA,NA,NA,NA,19,NA,NA,27,33,34,35,36,36,36,38
"Winters and unincorporated, Yolo",NA,NA,NA,NA,NA,NA,NA,NA,NA,NA,NA,NA,NA,NA,NA,NA,NA,NA,6,NA,NA,6,6,6,7,7,7,7,7
"Woodland, Yolo",NA,NA,NA,NA,NA,NA,NA,NA,NA,NA,NA,NA,NA,NA,NA,NA,NA,NA,4,NA,NA,7,7,17,18,21,21,34,43
